style,songName,調性,Ynote
江南風格-民歌・江蘇,蘇州景,C,A508A508A508G508A502A508C608A508G508G508E504D508E502E58.G516A508C608G508A508E508G508G508C504D508E508E516G516D508C508C508A404G408A402E508E508E516D516C508D502E508G508D508C508A408C508G408A408C508C504D508C502E508G508A508C608G508A508E508G508G508C504D508E508G508D508C508A408A404G408A44.G508A508A5080008G508C608C6080008G508A502
江南風格-民歌・江蘇,a九里山前（二）-蘇州,C,A508C608A508G508A508G508A504G508C608A508G508G508E504D508E502E508E504C608A508G508E508D508C516D516E516G516E516D516C508C508A404G408A402E516C58.D504G508E504D508G508E508D516E516C516D516A408C508G408A408C508C504D508C502G508G504C608A508G508E508D508C516D516E516G516E516D516C508C508A404G408A4020002
江南風格-民歌・江蘇,a孟姜女（四）-蘇州,C,G608A508C608D608E616G616E616D616E616D616E608E616G616A616C716A616E616G616A632E632G616E616D64.C716A616A616G616G6S.A632E616D616C616A516C616D616E616D616E608G616E616D616C616A516G516C616D616G502E616E608G616C604D616E616C616D616E616D616E608G616E616E616G616C616D616E616G616C608A504E616D616C608G616E616D68.C616G516E516G516A516C608G616E616D616G632E632D616C616A516G516C616D616G502
江南風格-民歌・江蘇,a孟姜女（五）-蘇州,C,C616A516C604D608E616G616E616D616E604E616G616A616C716A616E616G616E616D602C716A616A616G616G616A616E616D616C616A516C616D616E68.G616G616E616D616C616A516G516A516C616G502A516C616G516A516C604D616E632D632C616D616E604G608E616D616C6S.D632E616G616D616B516A54.C608G616E616D608C616A516G516E516G516A516C68.E616D616E616D616C616A516G516C616A516G502
江南風格-民歌・江蘇,a茉莉花（一）-六合縣,C,E516D516E516G516A516G516C616A516G516E516G504A508C608D616E616D616C616A516C616G502G516E516G504A508C608D616E616C616A516G508G508D508E516G516E516D516C516A416C54.E516D516C508D58.E516G508A516C616A508G508G516E516D508E516G516E516D516C516D516A404C508D58.E516C516D516C516A416C516A416G44.E516D516C508D58.E516G508A516C616A508G508G516E516D508E516G516E516D516C516D516A404C508D68.E616C616D616C616A516G516A516C616E616D616C616A516C616G5020002
江南風格-民歌・江蘇,a鮮花調（二）-蘇州,C,E508G508A508D608C616A516G504C616A516G516E516G504E508D504D504E5S.G532A516C616A516G516E516D516C516A416C504D508C516A416C504G508E508G504E516G516C68.A516A516G516E508G508D508E58.G516C502E516E532G532C508D58.E516G516A516C608A508G516E516D516E516G516A516E516G516E516D516C516A416C504A416C516D68.E616C6S.D632B516A516G516A516C608D616C616A532G532A516C616A516G54.E508G508A508D608C616A516G504C616A516G516E516G504E508D504D504E5S.G532A516C616A516G516E516D516C516A416C504D508C516A416C504G508E508G504E516G516C68.A516A516G516E508G508D508E58.G516C502E516E532G532C508D58.E516D608C608C616A516G508D516E516G516A516E516G516E516D516C516A416C504A516C616D68.E616C6S.D632B516A516G516A516C608D616C616A532G532A516G502
江南風格-民歌・江蘇,a鮮花調（四）（武鮮花）-蘇州,C,E508E516G516A516G516C632D632C616C616A516G54.E508E516G516A516G516C632D632C616C616A516G54.E508G54.D68.C616C616A532G532E508G508D508G516G532A532E516G516C502G58.C616A5S.G532E508A508G508D504C616C608E616D616A516C608C616A516G54.E508E516G516A516G516C632D632C616C616A516G54.E508E516G516A516G516C632D632C616C616A516G54.C608G54.D68.C616C616A532G532E508G508D508E508E516G516C502C608A508A516G516G516E516C58.E516D504E516G508E516D516A416C508C502
江南風格-民歌・江蘇,a蘇州景（侉侉調）-蘇州,C,G616E616E616D616A508E608D616C616A508G508E508C616D616E616G616D616C616A508C602E608C604D608E6S.G632E616D616E604G616E616E616D616C616D616E616G616D616C616A532C632D616G504C616A532C632A516G516E504G616A516C604D608D616C616A532C632D616G504A516A532C632A516G516G508E508E516D516E516G516A516G516A516C616A516E516G516A532G532D504G508G516G516G508D508A516A532G532E516G516C504
江南風格-民歌・江蘇,a姑蘇風光（大九連環）【疊斷橋】-蘇州,C,A504A508B508A58.G516E508G508A508A508A508D616B516A502D608C616D616E608D616E616C604D608B508A508A504B508A516A508G516F516G516E508G502C608D608D616C616A508G54.A508G516E516G54.D608D616C616E608D608C616A516C604A508D608D616C616E608D608C604D608B508B516D616A504B508A516A508G516F516G516E508G54.G516A516E58.D516C508A416C516D502G58.A516C608D608D616C616A516G516E504G508G516E516G508G516E516D58.E516G508A508E58.D516C504
江南風格-民歌・江蘇,a姑蘇風光（大九連環）【六花六節】-蘇州,C,D608E616D616C604D608E616D616C608A516G516E58.D516E508G508A516G516A54.C608D616E616D616A516C608G54.A508G516E516G54.E58.D516C508A416C516D516C516D54.G58.A516C608D608A5S.C632A516G516E504G516G508A516E508E516D516C504D504G516G508A516E508E516D516C504D504E508E508E508G508A508A516D616C616C608E516G54.A508E58.D516C508A416C516D502G58.A516C608C616D616A516C616A516G516E504D508E508D508C508A416C516A44.D68.E616C608D608A58.G516E504D508E508D508C508D604D616C616A516C616G5020002
江南風格-民歌・江蘇,a姑蘇風光（大九連環）【哈哈調】-蘇州,C,E508E516G516A508C608E5S.G532A516C616G504G516A516C616D616A516G516G516E516D516E532D532C516A416D504A508A516G516A508A508E516C616C616A516G504E508C608A516G516G516E516D516E532D532C516A416D504G516E516G504E516G516A516G532A532C616A516A516G516G516E516G508D508E508A408C508D508C504D604C616D616C616A516G516A516C616E616D616C616A516C616G5020002
江南風格-民歌・江蘇,a姑蘇風光（大九連環）【湘江浪】-蘇州,C,D58.E516G516G58.F504G504D58.E516G508A508E58.D516C508A408D508G508F508E508D502D58.E516G516G58.F504G504D58.E516G508A508E58.D516C508A408D54.E508G44.A408C502A504G504E58.D516C504E508D508E504E504D508C508A404G404G404A408C508D54.A408C502G504G504F504G504A58.C616A508G508F58.G516E504D58.E516G508A516G516E508D508C508A408D508G508F508E508D5020002
江南風格-民歌・江蘇,a姑蘇風光（大九連環）【剪靛花】-蘇州,C,A508C608E508D516E516G54.A508C608A508E608D608C616A516C64.C68.D616E608G616E616D604C608A516G516C608A508A516G516E508G502G58.A516C608A508E608D616E616C604D608D616C616E516G516A516C616G504G508E508E608D608C608D616C616A508A516C616E5S.G532A516C616A5S.G532E516D516C504E58.G516A516G516C616A516G504G508E508E616E608D616C608D608A508A516C616E5S.G532A516C616A5S.G532E516D516C5040002
江南風格-民歌・江蘇,a姑蘇風光（大九連環）【鮮花調】-蘇州,C,E58.G516A516C616D616E616C616A516G504A508G516E516G54.G5S.A532C616D616A516G516E508D5S.E532C516A416D504G516E516G504E516G516D68.C616C616A516G508G508D508E516G516E516D516C516A416C54.G508C508D504G504E508D508G504E508D508C616D616C616A516G504E516D516C508D504G504E508D508G504E508D508A516A508C616D6080008C616E632D632C616A516G5S.A532C616E616D616C616A532G532A532C632G5040002
江南風格-民歌・江蘇,a紫竹調（二）-常州市,C,G504A508C608A504G508E508G508D508E508D508C502A508A508A508G508A508D68.C616A508G54.A508E58.G516A508C608G502G508A516C616A516G516E508D502G504A508C608A504G508E508G508D508E508D508C502E508D508C508E508D502A508A508A508G508A508D68.C616A508G54.A508E58.G516A508C608G502G508A516C616A516G516E508D502E58.D516C508C508D502G504A508C608A504G508E508G508D508E508D508C502E58.G516A508C608G502G508A516C616A516G516E508D502E58.D516C508C508D502G508E508G504G508E508G504A508C608A508E508G504E508G508A508C608A508E508G504D508D508E508G508E508D508C502A508A508A508G508A508D608D616C616A508G5020002
江南風格-民歌・江蘇,a紫竹調（三）-蘇州市,C,G58.A516C608D608C616A532C632A516G516E504G508D508E508G508C502E508G508E508G508D516E516D516C516C516A416C508G402E5S.G532E516G516A516G516A516C616G502E5S.G532E516G516A516G516A516C616A516E516G504A508G58.A516C608D608C616A532C632A516G516E504G508D508E508G508C502C58.A416G58.E516D58.C516D504E508E516G516A508A408C58.D516B416A416G408A402C58.A416G508E508D58.C516D504A508C608A516C68.D604C608G508A508D608D616C616A508G502
江南風格-民歌・江蘇,a約郎約在月上時-蘇州,C,G5S.A532C616D616A516G516E508D516C516D504E508G5S.A532C616D616A516G516E508D516C516D504E508A48.C516A408C508G58.D516E508G508D516E516D516C516A416C516D516E516E508C54.D58.G516C508D508A516A508C616G516G508E532D532C58.A416G508E508D516C516D54.E508D508A404D508D516E516A408C508D508D516E516A48.C516G516E516D516C516C516G416A416C516C516A416G44.C58.A416G516A516F516E516D502E516E508G516A408C508C58.A416G516A516F516E516D516C516D504E516G516D516C516B416A416G4040002
江南風格-民歌・江蘇,a虞美人（二）-蘇州,C,G508A516C616A516G516E508D502D508C508D508G516E516D504D508E508A404C504G504E504D58.C516A416C516D516E516C502D508D516C516D508E508G508A508A516G516E516E516D508C508D508E508E516D516D54.E58.G516A408C508D508D516E516C504D5S.E532D516C516C516G416A416C516G402G508A516C616A516G516E508D502E58.G516A408C508D508D516E516C504D5S.E532D516C516C516G416A416C516G402
江南風格-民歌・江蘇,a小九連環-無錫,C,C608A508G6S.A632E608D602E608E616G616A508C608D68.E616C616D616C616A516G58.E516G504A508A516C616C616A516G508C608A504G508A502A508A516G516A508C608D68.E616C616D616C616A516G58.E516G504A508A516C616A508G508G602G608A616C716A616G616E608D68.E616G616E616G608E608C708A616G616E616D616C608C604D616E616C608C604D608B516D616B516A516G516E516G516A516C616B516A516C616D616G616E616G616C602A602A602G68.A616G608E608G608A616C716G608E608D616C616D616E616G604E608C708A616G616E616D616C608C604D616E616C608C604D608B516D616B516A516G516E516G516A516C616B516A516C616D616G616E616G616C602C608A508G6S.A632E608D602E608E616G616A508C608D68.E616C616D616C616A516G58.E516G504A508A516C616C616A516G508C608A504G508A502A508A516G516A508C608D68.E616C616D616C616A516G58.E516G504D68.E616C608A508G58.E516G504D68.E616C608A508G58.E516G504D68.E616C608A508G58.E516G504D68.E616C608A508G58.E516G504D68.E616C608A508G58.E516G504D68.E616C608A508G58.E516G504A508A516C616C616A516G508G602A508A516C616C616A516G508G602G608A608G608E608G608A608G608E608D68.E616G616E616G608E608C708A616G616E616D616C608C604D616E616C608C604D608B516D616B516A516G516E516G516A516C616B516A516C616D616G616E616G616C602A602A602G68.A616G608E608G608A616C716G608E608D616C616D616E616G604E608C708A616G616E616D616C608C604D616E616C608C604D608B516D616B516A516G516E516G516A516C616D616G616E616D616G616E616G616C6020002
江南風格-民歌・江蘇,a倒十郎（一）-常州,C,A516C616A516G516E58.G516A516C616A516G516E504E508E516G516E516D516C508G516A516G516E516D504E508E516G516A508G508E516E516E516C516D504A516A516A516E516G504E516E508G516A508G508C508E508D504C508C516A416G516A516G516E516D504D508B408D516B408G416A404B408B416D516B416A416G408A402
江南風格-民歌・江蘇,a倒十郎（二）一曲-太倉,C,A504G58.E516A504G58.E516E508G516G516G508E516D516C508G516E516D508D508E508G516G516G508E516D516C508G516E516D508D508G508G504A508E516G516E516D516C504D508D516D516D508G408A408D516B416A404
江南風格-民歌・江蘇,a倒十郎（二）二曲-太倉,C,A504G504A504G58.E516E508G508E516D516C508D58.E516D504G516A516E508G516A516E508A516A516A516E516G504A516A516A516E516G504G508G504A508E516G516E516D516C504D508D516D516D508G408A408D516B416A404G508G504A508E516G516E516D516C504D508D516D516D508G408A408D516B416A4040002
江南風格-民歌・江蘇,a楊柳青青（一）（玉美針）-蘇州,C,G516E516G504E516G516C616G516C608G504G516E516G504E516G516C616G516A516C616A5S.G532E516D516G516G508D516E516G516G516A416C502A58.G516E58.D516C5S.A432G516E516D508A408C516C508E516D516A416C508G402D616E616C608A516G516A516C616G516E516G504A516G516G516E516G504E516G516A516C616A516G516E508D508G508G516E516D516C516A408C502A58.G516E58.D516C5S.A432G516E516D508A408C516C508E516D516A416C508G402E516G516E516G516A516G516A516C616G516E516G54.E516G516E516G516E516G516E516G516C616G516A516C616A5S.G532E516D516E58.D516E58.D516C502A58.G516E58.D516C5S.A432G516E516D508A408C516C508E516D516A416C508G402
江南風格-民歌・江蘇,a楊柳青青（二）（玉美針）-常熟,C,E508G504E516G516A516G516A516C616G504G516E516G504E516G516A516G516A516C616G504G508G516D516E508E516A416C502G504G508E508D516E516D516C516A404C516C508E516D516C516C516A416G402E58.G516A516G516C616A516G502G516E516G504E516G516A516G516C616A516G504G508G516D516E516G516E516A416C502G504G508E508D516E516D516C516A404C508C516E516D516C516C516A416G402
江南風格-民歌・江蘇,a望郎（一）-崑山,C,G508A516G516E508G508A508A516C616G504A504A508A516C616A504G504E508G516G516E504G508A516G516E508G508A508A516C616G504A504A508A516C616A504G504E508G508E504
江南風格-民歌・江蘇,a望郎（二）-崑山,C,A504A508G508A504A508G508G508A508C608D608A54.G508A502G508A508C608D608A504G504D508E508G508A508E54.D508E502A508A504G508A508A504G508E508D508E508G508C504A404G508A508C608D608A504G504G508A508C608G508A502
江南風格-民歌・江蘇,a情郎一去無歸期（湘江浪）-蘇州,C,G58.E516C6S.D632C616A516G502G508G516G516A5S.C632A516G516E5S.G532E516D516C5S.B432A416C516D502G58.E516C6S.D632C616A516G502G58.E516A5S.C632A516G516E5S.G532E516D516C5S.B432A416C516D502C508D516E516C516D516C516B416A402G58.E516C6S.D632C616A516G502G516G516E516G516A5S.C632A516G516E5S.G532E516D516C5S.B432A416C516D502G58.E516C6S.D632C616A516G502G516G58.A5S.C632A516C616E5S.G532E516D516A4S.G432A416C516D502C508D516E516C516D516C516B416A402
江南風格-民歌・江蘇,a十雙拖鞋-太倉,C,C608A516C616A508C608G608G616E616D604E608G616G616G608G616A516A508C616C616C608A508G504A516C68.C608A516C616E608E616C616D604G608E616G616G608G616A516A508C616A516G5020002
江南風格-民歌・江蘇,a手扶欄杆（三）-蘇州,C,C508A408C504G508A516G516G504C608A516G516E516D516G516E516G516E516D54.D516C516D516E516G58.A516A516G516E516D516A404C508E508D516A416C508G402G516G532A532E516D516C504D516D532E532C516D516E58.E516G516E516D516C516A416C516D516E516D516C516A44.G508G508A58.G516D516E516G516A516E58.D516C516A416C508C516D516G516E516G516E516D508D516C516A416C516G402C508C516A416C508D508G516E516G504E508A516A508G516E516D516G516E516G516E516D54.D516C516D516E516G58.E516D516E516G508E516D516C508A508A516G516E516D516G516E516D58.E516D516C516A416C516G402
江南風格-民歌・江蘇,a送郎送到梳妝台（梳妝台）-蘇州,C,E516C516C516A416C508D508G508E54.C616A508G516G516E516E516C516D502D516C516D516E516G58.E516C616A516A516G516G516E516D516A416C58.E516D516C516C508G402E58.G516C504D516D516C516D516E504G516E508D516C5S.D532E516D516D5S.C532A44.G516E516G508A516C616A516G516E58.G516G516E516D516C516A516C616A516G516G516E516E516C516D58.E516D5S.C532C516A416G4020002
江南風格-民歌・江蘇,a亮月子照樓梢（泗州調）-常熟,C,G608G616G616E608E608D616E616D616C616A504C68.D616E608E616G616D608D604E616D616C604A516C616D616E616C604A508G508G508A516G516E504A508A504A508G504A516C616D616E616C604A508G508G508A516G516E5040002
江南風格-民歌・江蘇,a五更相思（一）（鬧五更）-江陰,C,E608E616G616E608E616D616E608E616G616E604E608E616G616E616D616C608G68.E616D604A508A516G516A516C616G516A516C68.D616C604G604E608D608G68.A616E608D608E608E616G616E616D616C608G68.E616D604A508A516G516A516C616G516A516C68.D616C604E608E616G616E616D616C608G68.E616D604A508A516G516A516C616G516A516C68.D616C604E608E616G616E616D616C616C616G68.E616D604E608G608G608C608D68.E616D604A508A516G516A516C616G516A516C68.D616C604A508A516G516A516C616G516A516C68.D616C604G616E616G608G608C608D602G616E616G608G608C608D602G608G616E616D604A508A516C616D604E608G608E608D608E608E608E608E616D616C608E608D604C608C616D616D608G508A504D608B508A502
江南風格-民歌・江蘇,a四季相思（四）（銀鈕絲）-蘇州,C,C68.A516C608G616E616D64.E608G68.A616C708D716B616A68.C716G616A616G616E616G608A616G616C608C608D6S.E632D616E616F616E616F616G616E68.D616C608G516A516B58.A516G516E516G516A516C616D616G616E616D616G616E616G616C602C68.A516C608G616E616D64.E608G68.A616C708D716B616A68.C716G616A616G616E616G608A616G616C608C608D6S.E632D616E616F616E616F616G616E68.D616C608G516A516B58.A516G516E516G516A516C616D616G616E616D616G616E616G616C602G68.A616G616A616G616E616D68.E616C608G616E616D616E616D616C616C608A508A508D608C608A508C608A516G516C616A516E608D64.E608G68.A616C708D716B616A68.C716G616A616G616E616G608A616G616C608C608D6S.E632D616E616F616E616F616G616E68.D616C68.D616B58.A516G516E516G516A516C616D616G616E616D616G616E616G616C602A68.C716G608E608D68.E616C608E608D6S.E632D616C616C608A508A508D616E616A516B516A516G516E516G516E508G504G58.A516C608D608A516C616G508A504G608G616E616D616C616A532C632D616D616C616A516G516G504A508C608A508G508E616G616E64.D68.C616D608E608G604A6S.C732A616G616E6S.G632A616C716A616G616E616D616C64.D608B58.A516G516E516G516A516C616D616G616E616D616G616E616G616C602C68.A516C608G616E616D64.E608G68.A616C708D716B616A68.C716G616A616G616E616G608A608A508C608D6S.E632D616E616F616E616F616G616E68.D616C608G516A516B58.A516G516E516G516A516C616D616G616E616D616G616E616G616C6040008A608G608A616C716A616G616E616D616C608D616E616C604G608A516G516E508G508A58.C616G508A508A68.C716G608F608E68.D616C608G516A516B58.A516G516E516G516A516C616D616G616E616D616G616E616G616C602A616A68.A616A608E632D632C616C608D616G6S.A632G616E616E608C604E608D68.C616A504A504C608A508D608C608A516C616G508D616E616E64.G608C608D608E608G604A6S.C732A616G616E6S.G632A616C716A616G616E616D616C602
江南風格-民歌・江蘇,a姐在高樓繡荷包-江陰,C,A58.C616A516G516E508G54.A508C608D608E616D616E616D616C602C68.D616E608G608D604C608G508A58.G516E508D516E516G502E608G608E608D608G604E608D608C608D608E608D608C604A516C616G508G508A508C608D608A508G508E508D508C54.D508C502E508E516G516A508C608G504G508E508E508G508A508A508G508D508E508D508C54.D508C502
江南風格-民歌・江蘇,a姐在高樓繡荷花-江寧,C,D608E604C608D608E64.E604E608D608C608C64.C608D608E608G608D604C604G508A508C608E508G502D608E604C608D608E64.G608E608D616E616C608A58.C616G504A508C608D608C608A502D608C608D608E608G608A608G608E608E608G608E608C608C602G68.E616D608C608A58.C616G504G68.E616D608C608A58.C616G504A508C608D608C608A502
江南風格-民歌・江蘇,a繡荷包（一）-無錫,C,A508C608D616E616C608C616A516G54.E58.G516A508C616A516G516E516G54.D608C608D608C608D608C608E508G508A58.C616E508G508A502G516E516G516A516C68.A516G516C616A516G516E504G508A516C616A516G516E508G516E516D54.A508A516G516A508C608E508G508A58.C616E508G508A504A508E608D616C616A508G502G58.A516C604A516C616A516G516E504G508A516C616A516G516E508G516E516D54.D516E516G508A516G516E516D516C58.D516C504B508B516A516G516E516G516A516C608A516C616D616G616E616G616C602
江南風格-民歌・江蘇,a繡荷包（二）-無錫,C,A58.C616D616E632G632E616D616C616A516G504A516C616E58.G516A516D616C616A516C616A516G54.D608C608D608C608C616D616A516G516E516G516E508G508A516G516E508G508C608A54.G516E516G516A516C608D616C616G516C616A516G516E516G516E508E516G516A516C616A516G516E508G516E516D504G516E516D516E516G508A516G516E516D516C516A416D516E516C504
江南風格-民歌・上海,a種田經-金山,C,C604A508G508E508E504G508A508C608A508G508E502A504G508E508G504A58.G516G504E508D508C508C54.
江南風格-民歌・上海,a橫沙土產數勿清-寶山,C,C604G608E608D608E616D616C608A508C604D608E608D602D608E608D608A508G502C608A508C608C616D616E64.G608D608E608D608A508C602C604G608E608D608E616D616C608A508C604D608E608D602C608E608D608E608D608E608D608A508G502C608A508C608C616D616E64.G608D608E608D608A508C602
江南風格-民歌・上海,a九連環調（一）-市區,C,C608A508G608E608D602E68.G616A508C608D68.E616C608A508G502C608D608C608G508A502A508C608A508C608D608E608C608A508G502A508C608A508G508E602G608A608G608E608D608E608G604A608G608E608D608C602
江南風格-民歌・上海,a十姐梳頭（一）-嘉定,C,G516E516G504A508C608D616E616D604C608D616E616D608C616A516D616C616A516E516G504D608C608D608C608E516G516A516C616G504C616C608D616A516C616G508A516G516E516D516C504E58.G516A516G516A516C616G502C616C608D616A516C616G508A516G516E516D516C504
江南風格-民歌・上海,a十姐梳頭（二）-寶山,C,A58.G516E508D516E516G502C604D608E608C602C608D608E604D608E608C604A58.G516E508D516E516G502G58.A516C604D608C608A508G508E508G508A508C608G502C604G508C608A504G504E508D508C504E54.G508A508G516A516C608A508G502C604G508C608A504G504E508D508C504C502
江南風格-民歌・上海,a十個才郎（倒十郎調）-南匯,C,E504G504A504G504E508G508E508C508G508E508D504E508A508G508G516E516C516D516G516E516D504G508G504C608A508A516G516E504G508G516A516E508D508C502E504G504A504G504E508G508E508C508G508E508D504E508G508G508E516D516E508A508G508G516E516C516D516E516G516D504G508G504G508A58.G516E504G508G516A516E508D508C5020002
江南風格-民歌・上海,a長工調-青浦,C,C508C504D508C608C608A508G508G504E508D508C502G508G504A508A508G508G508E508E504D508C508A402C508C508C508D508A508A508A508G508E504D508A408C508C54.G508G504A508A508G508E504E504D508C508C502
江南風格-民歌・上海,a下盤棋調-市區,C,A508G508E508D516E516G502A508G508E508D516E516G502G58.A516C604D604C604A508A516G516E508D516E516G502G58.A516C604D608C608A508G508E508G508A508C608G508A508G508E508D508C508D508E508G508A508G508D508E508G508E508D508C502A508G508A508C608G508A508G508E508D508C508D508E508G508A508G508D508E508G508E508D508C502
江南風格-民歌・上海,a馬頭調-市區,C,A508G508E508D516E516G502C608A508D608A508C602C608A508E608D608C608E608D608C608A508G508E508D516E516G502G508A508C604D608C608A508G508E508G508A508C608G502D608C608G508C608A508C608G508A508E508D508C504E508G508A508C608G508A508G508E508D608C608G508C608A508C608G508A508E508D508C504
江南風格-民歌・上海,a知心客調-市區,C,A508G508E508D516E516G502A508C616D616E608D608C602C608C616D616E608G608D608E608D608C608A508A516G516E508D516E516G502E608E616D616C608E608D608E608D616E616D616C616G508G516A516C608A508G504G508A508E608D608C608D616E616A508C608G508A508E58.D516C504G508G516A516C608A508G504G508A508E608D608C608D616E616A508C608G508A508E68.D616C604
江南風格-民歌・上海,a大打扮-金山,C,C608A516C616A516G516E516D516G54.A508C608A516C616D608E616D616C602C68.D616E608G616E616D608E616D616C608A516G516C68.A516G516A516G516E516G502G58.A516C68.C616D616E616D616C616A504E504A58.C616G502D58.E516G508C608A516C616A516G516E516G516E516D516E516G516E516D516C504C502E508G508A508G516A516C608C616A516G58.A516G516A516G516E516D58.E516G508G516C616A516C616A516G516E508D508E516G516E516D516C502
江南風格-民歌・上海,a小拜年-松江,C,C604C608E508G54.A508C604E608D608C602C608D608E608E608D604C608A508G504A508E508G502D604C604D608C64.E504A504G502C608C604D608A504G504E54.D508C502E54.G508A508G508A508C608G502G502C608C608C608D608A504G504E54.D508C502
江南風格-民歌・上海,a新花棍調-市區,C,D68.E616C608C608D68.E616C604G58.A516C608D608A502A508C608A508G508D508E508G508A508G508D508E516G516E516D516C502E508C508D504G508E508D504G508A516C616G508E508G508E508D504D608E608D608C608D608C616D616A508G508G508D508E508D508C502D608E608C608C608D608E608C604G508A508C608D608A502A508C608A508G508D508E508G504G508D508E516G516E516D516C502E508C508D504G508E508D504G508A516C616A516G516E508G508E508D504D608E608C608C608A58.C616A508G508D608D616E616D608C608A508C608A504G508A508G508E508D508C508D504G508G508G508A508D68.E616C604D608E608C608A508G54.A508E608D608C608D608C602
江南風格-民歌・上海,a銀絞絲調-市區,C,E608G608E608D608C608D608C604C608C616A516G508C608A502D604D608E608G604E608D608C608A516C616D608E608C602C608A508G508C608A502C608A508G508C608A502D604D608E608G604E608D608C608A516C616D608E608C602C608A508C608A508G516A516C608A58.C616D608G608E608D608C602
江南風格-民歌・上海,a八段景-市區,C,D608E608C604D608E608C608B508A508G508A508C608G502G508A508C604A508G508E504G508D508E508G508C502E508G508A516G516A516C616G502E508G508A516G516A516C616G502G508A508C608D608A508G508E504G508D508E508G508C502E508D508C508E508D502E508D508C508E508D502G508A508C608D608A508G508E504G508D508E508G508C502
江南風格-民歌・上海,a夸夸調-市區,C,A508G508A508D608C68.A516G504A508C608C608G516A516C602C608C604D608E616G616E616D616E68.D616C608E608D608C608A58.C616G504A516C616A516G516E504C608C604D608A58.C616G504A516C616A516G516E504E58.G516A508C608G508E508D504G508C608A508G508E58.D516C504
江南風格-民歌・上海,a東鄉山歌-上海,C,G504G508E508G504A504C604E608D608C608A508G504G504G508E508G504A508C608G508A508E508D508C502E504G508E508C604E608D608D608C608A508G508E502A504G508E508G504A508C608D608C608C608A508G502G58.A516G508E508D54.E508A508G508C608E508D502C604E608D608D608C608A508G508C608D608A508G508E502A504G508E508G54.A508C602D608D608C68.A516G502G508A516C616E58.D516C5020002
江南風格-民歌・上海,a九行十八鎮-南匯,C,E508D508E508G508A508D608C608G508A508G508A508G508A502A508D608C608A508G508A508G508A508G508E508D508C508D502E508G508E508G508E508G508A508C616A516G502G508A508A508G508G508A54.G516E516D54.D5020002
江南風格-民歌・上海,a十房媳婦（東沙調）-崇明,C,E508E516G516A508A516G516A508C616A516G504G508A516C616E516E508A516G508G516E516D504E516G508E516E508G516A516A516G516E516D516C504E516D516E516G516E516D516C516D516E516D516E516G516D504
江南風格-民歌・上海,a下水漕朝夕曬鹽墩（香袋調）-南匯,C,E516D516E516G516A508A508C608A516C616G504C608A516C616G516A516C616D616A516G516E516G516D504G508G516A516C608A516C616G508G516E516G504C608A516C616G516A516C616D616A516G516E516G516D504E516D516C508D504D608D608C604C608A516C616G516A516C616D616A516G516E508D504E516D516C508D5040002
江南風格-民歌・上海,a瞎子算命-嘉定,C,C608E608D604C608E608D604C608E608D608A508G502C608C616C616C608C608C608E508G504C608C608C608C608C608E508G504G504A516C516A516G616E502
江南風格-民歌・上海,a採茶曲-南匯,C,G508A516G516E508D516E516G508A516G516E504D508E516G516E516D516C508D508E516G516D504D508E516G516E516D516C508D508E516G516D504E508E516G516A508A516G516C516D516E516G516D504D508A408C516D516C516A416G404G404D508A408C516D516C516A416G402
江南風格-民歌・上海,a鳳凰調-市區,C,A508A516C616D608D608G608E616C616D604D608E616G616E608E616D616C616D616C616A516G504G68.G616A608G608A616G616D616E616G68.E616D608D616E616A508G516A516C608C616A516G504
江南風格-民歌・上海,a大補缸-市區,C,G68.G616G608G608A608E608G604G608G616E616D608G608E616D616C608D604D616E616G608D616E616G608E616D616C608D604E608E616E616E608E608A516C616D616E616C608C608C616D616C616A516G504A516G516A516C616G504G516A516C608G516A516C608A516G516A516C616G504
江南風格-民歌・上海,a月兒漸漸高-市區,C,E508G508A516G516A516C616G502G508C608A516G516E516G516D502G508E508G504D508E516G516E508D508C508D516E516D516C516A416C516G402
江南風格-民歌・上海,a鮮花調（一）-市區,C,G508E516G516A516D616C616A516G502G508E516G516A516D616C616A516G502E508G504A508D604C608A508G508D508E516G516E516D516C502E516D516C516E516D58.E516G508C608A508G508G508D508E516G516E516D516C502A608D508C616D616C616A516G58.A516G504
江南風格-民歌・上海,a鮮花調（二）-松江,C,G516E516E516G516A516G532A532C616A516G54.A508G516E516E516D516A516G532A532C616A516G502G54.E516G516A508C616D616A516G516E508C6S.A532G516G516A516G516E516D516C502G508G516C516D508D516E516G508G516C616A508G516E516D516E516G508G508E516G516C508C516D516A408C508D58.E516D508C516A416G402G508G516C516D508D516E516G508G516C616A508G516E516D516E516G508A516G516E516G516C508C516D516A408C508D58.E516D508C516A416G402
江南風格-民歌・上海,a茉莉花調-上海,C,G516E516E516G516A516G516C616A516G502G516E516E516G516A516G516C616A516G502G516E516G504E516G516A508C616A516A508G508C616A516A516G516G516E516E516D516C502D516E516D516C516D508E516E516G508C616A516A508G516E516D516E516G508A516G516E516D516C508C516A416A408C508D508G516E516D516C516A416C516G402
江南風格-民歌・浙江,a孟姜女-杭州淳安,C,C608C604D608E608D608E604G608A608G608E616D616D64.E608G608G604E616D616C608D608E608G616E616D608D616C616A516G516A508G502G508G516A516C604D604E604D68.C616A508G508A54.C608D608D604C616A516G508A508C604D616E616D616C616A516G516A508G502
江南風格-民歌・浙江,a梳妝台（二）-杭州,C,C58.A416C508D508E502E508C508D508E516D516D502D508D508E508E516E516A408C516A416G404A408C516C516C508A408G402G508E516D516C504D504E504E508E516C516D508E508D58.C516A404D508D508E508D516E516A408C516A416G404A408C516C516C508E508D504D516C516A408G4020002
江南風格-民歌・浙江,a十二想郎（梳妝台調）-杭州建德,C,C508C508C508A408G508G516G516A504G58.A516G508E508D502G508E516G516A504G508E508D504C508D508C508A408G402C508G416A416C508A408D508D516C516E504D58.E516C508C508A402G508E516G516A504G508E508D504C58.C516C508E508D508D508C508A408G4020002
江南風格-民歌・浙江,a勸同胞（梳妝台調）-嘉興平湖,C,G516C616A516A516G516A516A516E516G502A516C608A516G508A516G516D502G508G508A58.C616G508A516G516E508D508E516G516E516G516D516C516A416C516G402C608C616A516G508G508E516G516A508G516E516E508E516G516A516G516G516E516E516C516D502D516D58.E58.G516D516E516D516C516A404G516G516G516E516E508G516E516D58.E516D516C516A416C516G4020002
江南風格-民歌・浙江,a下盤棋（二）（碼頭調）-湖州安吉,C,A508G508E508D516E516G54.G516E516A508G508E508D516E516G502G508A508C604D608E616D616C608A508A508G508E508D516E516G502E508D508E508G508A508G516A516C604E58.G516A508A516C616G502E516D516C508D508E508G508G504D508E508G508E508D508C502E58.G516A508C616A516G58.E516G504E516D516C508D508E508G508G504D508E58.G516E508D508C502
江南風格-民歌・浙江,a蘇州內河船（碼頭調）-杭州,C,A58.G516E508D516E516G504G508A508C608A516C616D608E616D616C602C68.D616E608E608D604C608G508A504G58.E516G502D604C608A508D604C608A508G508A508C608D608A502C604C608D608A504G508G508E58.G516E508D508C502G58.G516G508C608A504G508E508D508E508G508C608A504G508D508E508G508E508D508C502
江南風格-民歌・浙江,a摘胡瓜（碼頭調）-杭州臨安,C,A508G508E508D516E516G54.A508C608A508D608E608C602C608D608E608G608D604C608A508A508C608A516G516E508G502G508A508C604D604C608A508G508A508C608D608A504G508E508D508E508G504A508G508E508D508E58.G516E508D508C502
江南風格-民歌・浙江,a掏荸薺（碼頭調）-杭州,C,C604D608E616D616C604C608A508G58.A516C608A508C602C68.D616G608E608D608C608A508G508A508A516C616A516G516E508G502E58.G516E508G508A508G508A504G58.A516C608D616C616A502D68.E616C608C608A508G504D508E508E516G516E508D508C502
江南風格-民歌・浙江,a楊柳青青（鮮花調）-湖州,C,E608E616G616A616G616A616C716G616E616G64.E608E616G616A616C716E616D616C616A516C64.E608G604E616G616A616G616A616C716A608G608G608D608E608G608C608C64.G608A616C716G616A616G616E616D616E616D616C616D604G608A616C716G616A616G616E616D616E616D616C616D604C616D616E616G616D616C616A516E516G502C616D616E616G616D716C716A616E616G602
江南風格-民歌・浙江,a叫化五更（五更調）-杭州,C,A504A508G508A504C604E508D508E508G508A54.C608G508C608A508G508E502E508D508C508E508D502G508A508C604A508G508E504G508D508E508D508C502D608E608C604D604C608A508G508A508C608D616C616A502D58.E516G508A508G508D508E508D508C502C502
江南風格-民歌・浙江,a三番十二郎（一番）-杭州,C,G508G504G508A508C608A508G508E508A508G508E508G508E508D504E508G508E508E516D516C508D508C504G508G508C508C508C508C508A408A408C508C504D508E508D508E504D508E508D508A408C508C508C508A408G502G502
江南風格-民歌・浙江,a吾唱山歌（四方調）-湖州,C,E508E516G516A508A516G516A508A508A508G508A508D608C616D616C616A516G516E516G54.G508C608A516C616A516G516E516G516D516E516G516E516G508G508A516C616A516G516G516C516D508E508D504D516E516D516E516G504A516C616A516G516E504D508E516G516E516D516C508A502G508C608A516C616A516G516G508D516E516G516E516G508G508G516C616A516G516G516C516D508E516G516D504
江南風格-民歌・浙江,a愛四方（四方調）-嘉興桐鄉,C,A508A508A508G508A508A508A504A508D608C616D616C616A516G58.E516G504G508C608A516C616A516G516E516G516D516E516G504G508A516C616G508C508D508E516G516D504D58.C516D508E508G508A516C616A516G516E508D508E516G516D516E516C508D516C516A44.G508C608A516C616A516G516E516G516D516E516G504G508A516C616A508C508D508E516G516D504
江南風格-民歌・浙江,a四季望郎（四方調）-湖州,C,E508E516G516A508A516G516A54.G508A508D608C616D616C616A516G516E516G54.G58.C616A5S.C632A516G516E5S.G532D516E516G504G508A516C616A516G516G516C516D508E516G516D504D58.E516G504A5S.C632A516G516E504D508E516G516D516E516C508D516C516A44.G508C608A516C616A516G516E5S.G532D516E516G504G508A516C616A516G516G516C516D508E516G516D504D58.E516G504A5S.C632A516G516E504D508E516G516D516E516C508D516C516A44.
江南風格-民歌・浙江,a小小金魚（一）（八段錦調）-湖州長興,C,A516G516A516C616G508E508A508G516A516C604A58.G516A516G516A516C616G516E516G54.G58.A516C608B508A5S.C632A516G516E504G508D508G508A508G508C54.E516G516E516D516C516D516E516G516D516C516D54.G516A516E516D516C516D516E516G516D516C516D54.G5S.A532G516A516C604A508A516G516E504G508G516D516E508G508G516A516C54.G58.A516G508E508D516E516C508D504G58.A516G508E508D516E516C508D504G58.A516C608D616C616A516C616A516G516E504G508G516D516E508G508G516A516C54.
江南風格-民歌・浙江,a十杯酒-杭州臨安,C,G608A616G616E608D616E616G608A616G616E604G608C708A608G616A616C68.D616E604E608E616G616A608A616G616E608G616E616D68.C616E608E616E616D608C608A516B516A516G516A504C68.E616D68.C616E608E616E616D608C608A516C616A516G516A5040002
江南風格-民歌・浙江,a十月飄-杭州建德,C,C608C608E608E608D602C608A508C608A508G502C604E604D604C608A516C616A508G508A508C608G504G504C604C604D604D608C608A508G508A504G502E604G604E604G608E608E608D616E616C608C608D602E608D616E616G608E608D604D608C608A508G508C608A508G502C604E604D604C608A508A508G508A508C608G504G504C604C604D604C608A516C616A508G508A504G502
江南風格-民歌・浙江,a迎紅軍（十月飄調）-杭州淳安,C,G504E508D508G504E508D508E508C504E508D502G58.A516G508E508D54.E508C58.D516C508A408G402C504G508E508D508E508D508C508A48.G416A408C508G44.A408C508A408A408C508D508E508D508C508A48.G416A408E408G402E54.G508E504G504A504G508E508G504G504G58.A516G508E508D54.E508C58.D516C508A408G402C504G508E508D508E508D508C508A48.G416A408C508G402C508A408A408C508D508E508D508C508A48.G416A408E408G402
江南風格-民歌・浙江,a下四川-湖州長興,C,G508A408C508A408G44.A408C508D508G508E508D54.C516A416A408G404G416A416C508A416C516D504D508A404G408A402D508E408E416G416A408G402
江南風格-民歌・浙江,a十愛姐-湖州安吉,C,C58.A416C508C516A416C516D516E516G516E516D58.G516G516E516G516D508C516A416D516D508A416G404G416A416D516B416A404D516D58.G416A416D508D516D508A416G404
江南風格-民歌・江蘇,b道情調（二）（耍孩兒）-興化,C,A508A516C616G508E508D608C608E68.D616C68.A516G52.C604D68.E616A58.C616G508E508A58.C616C62.A508A516C616G508E508D608C608E68.D616C68.A516G52.C604D68.E616A508C608G504A508C608C616A516G508E502A504E58.D516C502E504G504A58.C616A508G508G58.E516D508C508C502A504C616A516G516E516D508C508E58.D516C501A504E58.G516G502C604D608C616A516E502E604E604D68.C616A508G508E58.G516E502G504A501G508E508G508A508C602A508G508C608A516G516E502C604D68.E616A508C608G508E508A58.C616C62.A504G508E516D516C502C616C608D616E608G608D608C616D616C616A516G508C68.A516G516E516E516D516C502A508C608C616A516G516E516D508C508E58.D516C501A508A508E58.G516G502D504E508G508D508E508A408C508E58.G516D52.A508A516C616G516E516G516A516C602C616C608D616C616A516G508E516D516C504D516E516G501
江南風格-民歌・江蘇,b鮮花調（一）-揚州,C,E504E508G508A508G508C608E508G54.C608A508G508E508D508G508E508D508C508E508A508G508E516D516C502A508C608G5040004E508G508A508G508C604A508G508E508D508G508E508D508C508E508A508G508E516D516C502A508G508G508E508D54.E508G508E508C604A508G508E508D508G508E508D504E508A508G508E516D516C508D508C5040004A508C608D64.E608C608E608D616C616A516C616G58.A516C604D608C608A516G516A516C616G5020002
江南風格-民歌・江蘇,b虞美人（一）-揚州,C,G508A516C616A516G516E508D508E516D516C508A408G508A516C616A516G516E508D54.E516D516C58.A416D508E508G508A516C616A516G516E508D516E516D516C516A408G416A416C54.A408C58.A416D508E508C608C608D608A516A516D608G508A58.G516G508G54.C608D64.D608A54.D508A54.A508C64.D64.A508C602A5020002
江南風格-民歌・江蘇,b送與我情郎-揚州,C,D68.E616C608C608D604C608A508G54.C608A502G508C608A508G508E502E58.D516C508E508D502G508E508C608D608A508G508E504G508G508G508A508C508C516A416C504G508G508G508A508C508C516A416C504D68.E616C608C608D68.E616C608A508G508G508G508C608A502E508D508C508E508D502G508E508C608D608A508G508E504D508E508D508C508A54.G508A5020002
江南風格-民歌・江蘇,b八月十五月儿光（跨金索）-泰興,C,C608C616G516A508A516G516E516D516E516G516A504C616C616D616A516G504G516A516C516C516D504A516C616A516G516A516C616A516G516G516A516C516C516D504G516A516C516C516D504G516E516G516A516C608C608G516E516G516A516C608C608G516E516G516A516C608C608G516C616A516G516E516G516E516D516E502
江南風格-民歌・江蘇,b六花六節（跨金索）-興化,C,D608D608C608C608D608D608C608G508C608D608C616D616A516G516E58.D516E504D608D608C616D616C616A516G54.A508G502E58.D516C508E508D502G58.A516C608D608A508C608C608A516G516E58.D516E504G508A516C616A516G516E508D508C508D504G508A516C616A516G516E508D508C508D504C68.D616C608G508C68.D616C608G508C608D608D616C616A508G54.A508E58.D516C508E508D502G508A508C608D608A508G508E504D508E508D508C508C608C604A508G508G516E516G508A508C68.D616C608A508G508C608A508G508E54.D508E5020002
江南風格-民歌・江蘇,b小小鯉魚粉紅腮（八段錦）-高郵寶應,C,D604C604D608D616E616C608A516G516C608D616E616C616D616A516G516E502G516E516G516A516C608D616E616C616D616A516G516E508D516E516G508A516C616A516G516E516D516C502G608E616D616C616A516G616E616D64.E616D616C608E516G516C616D616E508G502G516E516G516A516C608D616E616C616D616A516G516E508D516E516G508A516C616A516G516E516D516C54.D516E516G508A516C616A516G516G516E516D54.G616G616G608E616D616C616A516G616E616D64.C616A516G516E516G516A516C608D616E616C616D616A516G516E508D516E516G508A516C616A516G516E516D516C502
江南風格-民歌・江蘇,b探妹（一）-如皋,C,D508D508D508C516D516E516D516G516E516D504E516D516C516A416C5S.D532E516G516G516E516D516C516D504D508D508D508C516D516E516D516G516E516D504E516D516C516A416C516D516E516G516G516E516D516C516D58.D516D516E516G508A516G516E516D516G516E516D516E516C504C516D516C516A416G404G508G516E516D516E516D516C516A408G408C5S.D532E516E516G516E516D516A416C508D516E516C5020002
江南風格-民歌・江蘇,b探妹（二）-如皋,C,G508E516D516G508E516D516C516A416C516E516D504G508E516D516G516A516E516D516C516A416C516E516D504E516D516E516G516D516E516D516C516A416G48.C516A416C516D516G48.A416C516A416D516E516C502
江南風格-民歌・江蘇,b探妹（三）-如皋,C,A408A416C516D508D508G508A516C616A516G516E508E516G516C508D516E516G508G516E516D54.A408A416C516D504G508A516C616A516G516E508E516G516C508D516E516G508G516E516D54.G516E516G516A516A516G516E516D516G58.E516D516E516D516C516A416C516A416G416G404D516D516D516C516A408C508C516D516C516A416G404G516E516G516A516A516G516E508D516E516C54.0002
江南風格-民歌・江蘇,b探妹（四）-興化,C,G516E516C616A516G516A516E516D516G516E516C616A516G516A516E516D516C516D516A408C516D516E508G516E516D54.G516E516C616A516G516A516E516D516G516E516C616A516G516A516E516D516E516G516A408C516D516E508G516E516D54.G516E516G516A516A516G516G516E516G516E516D516E516C58.D516G508A408G404C508A416C516D508E508G416A416G404G416A416C508A416C516D508E508D516E516C54.0002
江南風格-民歌・江蘇,b探妹（五）-如皋,C,E508C508D508E508G508A508A516G516E508E516D516C508D516E516G516E516E508D54.E508C508D508E508G508A508A516G516E508E516D516C508D516E516G516E516E508D54.G58.A516G508E508D58.E516C508D516E516A408G404A408E516D516E516G516D516E516D516C516A408G408E516D516E516G516D516E516D516A416C504
江南風格-民歌・江蘇,b探妹（六）-通州,C,G504A508C608E504D508E508G504A508C608G504A404G504C508C508D508E508G504G504D504D502G504A508C608E504D508E508G504A508C608A502G504C508C508D508C508D508G508G504D504D502G504E508G508G504C504E502D54.A408C508D508C508A408G402A404G408A408C504D508E508G44.E408G402C508C508A408C508D504E508G508G508A508C504C502
江南風格-民歌・江蘇,b拉小會-如東,C,0004000400040008D508D508D508D508D508E504E504E508E508D508C508A404A408C508D52.D508D508E508D508E508E508A404A408E508E504D508C508A404G404A408C508C508D516C516A402D508D508D508D508E504D504E508E508D508C508C508A408A408C508D52.D508A408E508D508E508E508A404A408E508E504D508C508A404G404A408C508C508D516C516A402
江南風格-民歌・江蘇,b十二月魚鮮（拉小會）-如東,C,D508D508D508D508G508G508E508D508E508D508E508G508C504A408C508D502D508D508D508D508G508G508E508D508E508D508E508G508C504A408C508D502G508E508D508C508A404C508D508E508G508D508E516D516C508A408G408A408C508A408D508C508A402A402D504D504D504D504E58.G516E508D508C508C508A408C508D502G508E508D508C508A404C508D508E58.G516D508E516D516C508A408G408A408C508A408D508C508A402A4020002
江南風格-民歌・江蘇,b青青秧苗藍藍的天（拉小會）-如東,C,D608D608D608D608E608E608D608E608D608D616E616D608C608A504A508C608D601D68.E616G608G608E604D608E608D604D604A504G504C604C604A502D608D608D608D616E616G68.E616E608D608D608G608D608C608A504A508C608D601D68.E616G608G608E64.D616E616D604D604A504G504C604C604A502
江南風格-民歌・江蘇,b高郵西北鄉（一）-高郵,C,A408A416C516D504E508G516E516D504E516E516E516G516A408A416C516E508D54.G508F516G516A58.G516F516G516A508G504G508A516C616A516G516E508D508C508D516C516D516E516G508F516G516A58.G516F516G516A516C616G58.E516D508C516D516A408G408G58.E516D516E516C516D516A402
江南風格-民歌・江蘇,b高郵西北鄉（二）-高郵,C,A508C608D604A508C608D604A508C616C616A508C608E616D616C616C616D604G616E616G608A68.G616E616G616A616G616G608E608E616G616A616C716A616G616E616G616D616E616C616A516D604D602D616E616G616A616E616G616E616D616C616D616A504A516C616D68.E616D616C616A508G54.A516C616D602D616E616G616A616E616G616E616D616C616D616A504A516C616D68.E616D616C616A508G502
江南風格-民歌・江蘇,b想煞張家十個郎（十儿郎）-如東,C,G608G616A616G616E616D608G608G616A616G616E616D608E608G608A58.C616D68.E616D604G608E616G616A608G616E616E616G616E616D616G604E616G616G616E616G604G616G616G616G616E616D616G616E616D608D608C608A516A516G608A508C608A516A516G608A508C616A516C616D616G608G616E616D608D608C616C616C616D616C616A516G508A508A508D608D608E508E516G516A508A508G516A516B516D616A508A516G516A5020002
江南風格-民歌・江蘇,b正月裡什麼花人人愛（新楊柳青）-如東,C,D58.E516G508G508A508G508E508D508C508A408E504D504A48.C516D58.E516C516D516E508D502D58.E516G508G508A508G508E508D508C508A408E58.E516D58.E516D516C516A408A404G48.A416C508C508C508A408E504G48.A416C508C508C508A408E504G408A408C508C508C508A408C58.D516E508G508D502E504A48.C516D58.E516D516C516A408G404A416G416A416C516G402
江南風格-民歌・江蘇,b西庄的姐姐來送行（楊柳青）-揚州,C,C608A508G508E508C608A508G508E508A508C608G508A508G504E508C508D508E508D508C508D502D58.E516G508G508C604D616C616A508G508E508G508E508D58.E516G508A508E58.G516E508D508C508C508C504G508E508G508A508C508C508C504E58.G516A508C608C508C508C504A508C608A508G508A508C608A508G508C608C616C616C608A508G508E508G508A508C604D608C608A508G508E508D508C508C508C5040002
江南風格-民歌・江蘇,b女兒的心事娘猜想-如東,C,G516E516C616G516A504G516A516C616D616A516G516G516E516D516E516C508D504G508D516E516G508G516A516D508G516E516D516E516A408C516C516C516D516E516D516E516G516D516E516D516C516C516G416A416C516G402C508C516A416C58.D516G516E516C616G516A504G516A516C616D616A516G516G516E516D516E516C508D504G508D516E516G508G516G516D508G516E516D516E516A408C508D516D516E516D516E516G516D516E516D516C516C516G416A416C516G4020002
江南風格-民歌・江蘇,b思郎心也碎（湘江浪）-揚州,C,G504A516C616A516G516F504G504G504A516C616A516G516F504G508E508D508D504G508E508D516C516A408C508D508D504E508D502G504A516C616A516G516F504G504G504A508G508F504G504D508D508D508G508E508D516C516A408C508D508D504E508D502D58.E516G508E508D508C508E508D508C5020002
江南風格-民歌・江蘇,b明月照湘江（湘江浪）-寶應,C,D508D508G516E516A516G516D516D508D516G508C508D516E516D54.G508A516G516F508G508D516D508D516E516D516C508D516E516D54.G516G516A416C516D516G516E516D516C508C54.G516G516A416C516D516G516E516D516C508C54.A408E508D504C58.A416C58.A416C58.A416C58.A416C508D516E516D516C516A408G408A408G4040002
江南風格-民歌・江蘇,b送郎（三）-海門,C,C504C516A416G408C504D504G508A508G508E508D504D504E508G508G508E508D504C504A408C508D508E508C508A408G404A408C508C508A408G504G504A508C608G508E508D508C508A404G408G508G508E508D504C504A408C508D508E508C508A408G404
江南風格-民歌・江蘇,b正月裡思郎瞟燈花（送子啦調）-如東,C,A516A516A516C616E516G516A516C616A516C616G508A504A516C616G508E504A516A516A516C616E516G516A516C616A508G516E516D504D504E516G516A508E516G516A516A516A508A516G516E58.D516E504
江南風格-民歌・江蘇,b紗窗外邊月清清（嘆五更）-如皋,C,C608G508A508C608E516G516E516D516E504C608G508A508C608E508E516D516E504C616C616C616C616D616E632D632C616A516G508G516E516C616A516A516G516G516G516G516A532G532C508C508E516D516C516E516D504G508G516E516D504G508G516E516D504C58.D516E516G516A508A516G516G516E516D504C616A516A516A516A508D608D616C616A508G516C616A516G516E508G54.A516C616G504A508C58.D516E516G516A508A516G516G516E516D504
江南風格-民歌・江蘇,b閨中思（五更鼓而冬）-通州,C,D68.G616E616D616C608D616E616D604E608C608C616A516B516A516G516A516C602C616A516C604D608E616G616E616D616E68.D616C608E616E616D608C608A58.C616G504E58.G516A516C616G516A516C616D616B516A516G504E58.G516A516C616G516A516C602
江南風格-民歌・江蘇,b今年秋上要出門（五更鼓儿里）-如皋,C,A516C616G516G516A508D608C616D616C616A516G58.E516C616C616C616D616C616A532G532A516G516G516E532G532E516D516E504A516C616A516G516A508D608D616C616A516C632A532G504C616C616C616D616C616A532C632A516G516G516E532G532E516D516E504G508C508D58.E516G508G516C616A516C632A532G516E516G516G516G516A516G508G516E516D508E516G516D516E516D516C516C608E608D616C616A516E516G502
江南風格-民歌・江蘇,b五更相思（二）（鬧五更）-海門,C,C68.D616E608E608E68.D616D608D6080004C68.D616E608E608E68.D616D608D6080004D68.D616E608C608D608D6080004D608D608D608D616D616D608D604E608C68.D616A508G508A508A504D608C68.D616A508G508A508A54.C608A516C616D68.E616C608A516C616D68.E616G68.E616D608E608C68.D616A508G508A508A54.
江南風格-民歌・江蘇,b五更相思（三）（鬧五更）-如東,C,D616E616G608G616E616D616D616D616E616G608G616E616D608D616E616G616G616G616A616C616A516G68.E616D604D616E616G616G616G616A616C616A516D608G616E616D604G68.A616G616E616D608D616E616G608G616A616C616A516G68.E616D604G68.A616G616E616D616E616G68.A616E604G608G608G608C616A516G68.E616D604E608G608G616A508C616D608G616E616D68.E616A508A516C616D68.E616C616A516A516C616D604G608G616E616D68.D616E616D616E616G616D604E616D616E616G616D616E616D616C616C616C616C616D616C616A516G516E516A508A508D608D616E616C616A516G516E516A508A508B516A516B516D616A516B516G508A502A502
江南風格-民歌・江蘇,b繡花繃-如皋,C,C608C608D616C616A508G54.C608A508G508E508D516E516G502D508D508E508G516A516C608D616E616C608A508G58.E516D516C516D516E516G502G516A516C616D616A508G516E516G516A516C616D616E504G516G516E516G516A516C616C616A516G508G504A508G54.A508G502A408C508D508E508A508G504A508C58.D516E516G516D508C502
江南風格-民歌・江蘇,b太平年-揚州,C,C708A608G608A616C716A608G6080004E616G616A616C716A616G616E608D616E616D616C616D604G608E608G608A608D608E608D608C608A508G508C608A508G502G508A508C604D608D608G608E608D608D616E616D608C608A5040004C68.E616D616C616A508G508E508G504G608A6080008C608D608E608D608C608A54.A516A516A508D608D616C616A508G508E508G504A508C604G508A5020002
江南風格-民歌・江蘇,b蓮花隨風擺（繡紅鞋）-如東,C,G508A516G516E508G508C608E504G508D64.E608C68.A516C608A508G502D604C604D604G504G508G516G516A508G508E54.D508E504E504E508E516E516D508C508G508E508D508D508G508A516G516E508G508A508C608C608E508D504E508D508C502
江南風格-民歌・江蘇,b阿哥盯上美大姐（小板梢）-海門,C,G516E516G516A516G504G508C508D504C508G516E516D504C508C516D516C508G408A402G508E516D516G508E516D516E58.G516E516D516C508D508E508D504D516E516G516A516E58.D516C516D516E516C516D504G508E516D516G508E516D516E508E516G516E516D516C508D5020002
江南風格-民歌・江蘇,b挑水姐儿-海門,C,A508C608A508G508A508C608A508G508A508G516A516C604D616C616A504B516A516G508A508G508C608A504G504E502A502G508A508G508C608A504G504E502C58.D516E508D508E502E504A504G504E508D508G504E508D508G504D508E508G504E508D508G504E508D508C54.D508C5020002
江南風格-民歌・浙江,b春調（二）-寧波,C,G508E516G516A508G508G508C54.D58.E516C508D508E502C58.D516G508E508D58.C516A408C508G508E508D52.G508E508C608A508G508A508E508D508C508A408C508D508G508E54.G504D504C508G408C508D508C508A408G42.G508G54.G508C54.D58.E516C508D508E502G508E508D504D58.C516A408G408C508D516C516A42.A408C508E508D508D58.E516B408A408G408E408G408A408C504C508D508E508G508D504C508G408C508D508C508A408G42.
江南風格-民歌・浙江,b十二月魚類（春調）-舟山普陀,C,C608C604D608G616E616E616D616E604G608A616G616E616D616E616G616D602G608A616G6160008E616D616C68.D616E616D616E616G616D608D616C616A516G516A516E516G502G516G508A516C608C608D608D616E616G608G608D608G616E616D616E616D616C616A516G516A54.C608D616E616D616C616A508G58.A516C616A516C608D608D616C616A516G516A516E516G502
江南風格-民歌・浙江,b送郎（梳妝台調）-紹興諸暨,C,C508C516A416C508D508E508E508E504E508E516C516D508E508D502D508D508E508E516E516D508D516C516A408G416A416C508E508D508C516A416G402A408G416A416C504D508D516C516E504D58.E516A408C508D502G508E508G508G516E516D508E516D516C508A408C508C516C516C508E508D58.E516D516C516A408G4020002
江南風格-民歌・浙江,b怨我郎（梳妝台調）-寧波,C,C608C608A516C616D608G502C608G508E516G516A508E504E508G508E508G504C608A516A508E516G508A508D501E508G54.C616C608A516G516G508E516E508G508D508C508C516A416G44.E508C608G508A508G516E516F508D508E508C516A416G44.G402G508G54.C502D58.E516C508D508G508E54.C608C616A516G516A508E516G508G516E516C508E508D58.C516A42.E508G504C608A508A516C616G504E508G504A508G508C54.E508C608A508G508C68.A516G508C608E508D508G508E508D58.C516C508D508G401
江南風格-民歌・浙江,b呆大郎（梳妝台調）-舟山岱山,C,G508G508G508E508C608C616A516G508E508G508A516C616A516G516G516E516D502G508G508A508G508E516G516E516D516C508A408C516D516E516G516D516C516A416C516G402G48.A416C504D508C516D516E504D58.E516D58.C516C508A44.G508G508A508G508E516G516E516D516C508A408G416C516C516A416C508G516E516D58.E516D516C516C516A416G4020002
江南風格-民歌・浙江,b五更哭小郎（梳妝台調）-舟山定海,C,C508C508C508A416G416E516G516A516C616G504G5S.A532C616D616A516G516G516E516D502G508E516G516A516C616G508G516D516E516G516C504C5S.D532E516G516D516C516A416C516C508G44.G508E516D516C508A416C516D516E516C516D516E504G516D516E516G516D516E516C516D516A402G508E516G516A516C616G508G516D516E516G516C504G508E516G516A516C616G516E516E516D508E516D516C516A416C516G4020002
江南風格-民歌・浙江,b對花十送郎（一）（梳妝台調）-寧波奉化,C,A516G516G508C616E616D616A516A508G54.C632C6S.G516A532C632A516G532E532G516A516D502G516G516G508C616G516A532G532E516G516D516E516D532E532C504C5S.D532E516G516D516E516C516D516G402D632D6S.A532C632A516A516C616G508G502C616C616G516A516G516A516G516A516D502G516E516G508C616G516A532G532E516E516G516D516C532A432G404A516E516G516A516A516A516G516E516D516E516D516E516D516C516A416D516G4020002
江南風格-民歌・浙江,b對花十送郎（二）（梳妝台調）-舟山定海,C,G508G508G504C608C608A508G508G501C608C608A508A508A508G508G508E508D54.E508D508C508D504G508E508G508G508C608A508G508G508A58.E516G508A508C504C508A408G58.E516E508D508D508C508A416C516A408G401G508G508G508A408C508C508C504D508D516E516C508D508E502G508E508E508G508D508E508D508C508A401G508E508G508G508C608A508G508G516G516A508G508G508A508C504C508A408G508E508E508G508A504G508E508D54.E508D508C508A416C516A408G401
江南風格-民歌・浙江,b車夫嘆苦（梳妝台調）-紹興新昌,C,C508C516A416C508D508E508E516D516E504G508G516G516E516D516C508D504D504D508C516D516E504D516E516D516C516A404C508C516E516D516C516A416C516G402G508E516D516C504E516D516C516D516E504G508G516G516E516D516E516G516D504D504D508C516D516E504D516E516D516C516A408A408A408A416C516E508C508D508E508C516D516C516A416G4020002
江南風格-民歌・浙江,b三支隊是好部隊（梳妝台調）-紹興諸暨,C,G508G508A508C616A516G502G508C608A508G508D502A508E508G508G516G516D508E516G516E508D508C508D516E516D516C516A408G402G508D516E516G508G516G516D508E516G516E508D508C508D516E516D516C516A408G502
江南風格-民歌・浙江,b手扶欄杆（一）-寧波,C,C502C504A404G502G504E504G504A508C608A508G508G508E508E504D52.D504C508D508E508G508G508E508G508E508D508C508C508A408G404C58.D516E508G508D508C508C508A408A404G42.G58.A516E508D508C502D516E58.C508D508E508E54.G58.A516G508E508C508A408G508E508D58.E516D508C508A402D504D504E508G504E508D508E508D508C508C508A408G404A404C508A408C508D508G508E508D54.E508D508C508C508A408G401C504C508A408C504D504E501G504E508D508C508G408A408C508E504D52.D504C508D508E508G508G508E508G508E508D508C508A404G404G408A408C508A408C508D508G508E508D54.E508D508C508C508A408A404G42.
江南風格-民歌・浙江,b紫竹調-寧波余姚,C,C508C504D508E508D508E504G508A508G508E508D508C508D504G508E508G508E508D508E508D508C508A408D516E516C516D516C516A416G402E508E516G516A508A508G502E508E516G516A508A516C616G502G508G504C608A508G508G508E508G508D508E508G508C502G508E508G508E508D54.E508C516D58.C508A408D508D508C508A408G402G508E508G508E508D54.E508C516D58.C508A408D508D508C508A408G402
江南風格-民歌・浙江,b倒扳槳（紫竹調）-寧波余姚,C,C508C504D508E508D508E504G508A508G508E508D508C508D504G508E508G508E508D508E508D508C508A408C508C508A408G402C508C504D508E508D508E504G508A508G508E508D508C508D504G508E508G508E508D508E508D508C508A408C508C508E508D508D516E516D516C516A408G402E508E516G516A508A508G502E508E516G516A508A508G502E508E516G516A508C608G502A508A516G516A508C608G502A508A516G516A508C608G502G508D508E508D508C502E508E516G516A508C608G502A508A516G516A508C608G502E508E516G516A508C608G502A508A516G516A508C608G502A508A516G516A508A508G502A508A516G516A508A508G502E508E516G516A508C608G54.E508G508D508E508G508G508C54.G508D508E508C508G508C54.0002
江南風格-民歌・浙江,b知心客（碼頭調）-寧波,C,E616G616D608D616E616C608A508G54.C68.D616G608E616D616D608C64.G58.A516C608E608D608E616D616C608G508A58.C616A516G516G516E516G502E6S.G632E616D616C608E608D608E616D616C608A516G516E508G508A516G516C616A516G502E608E616D616C608D616C616A508A516C616G508D508G508A516C616A516G516E516D516C502E58.G516A516G516A516C616G504G508E508E608E616D616C608D616C616A508A516C616G508D508G508A516C616A516G516E516D516C502
江南風格-民歌・浙江,b堂子嘆苦（碼頭調）-紹興諸暨,C,A58.G516G508E508G502C608A516C616D608E608C602C68.D616E608D616E616D608E608D608C608A508C608A516G516E508G502G58.A516C604D608E608C68.A516E58.G516A516G516A508G502C64.D608A508G504D508E58.G516E508D508C502E58.G516A516G516A508G502C64.C608A508G504E508E508G508E508D508C502
江南風格-民歌・浙江,b落船尖尖（碼頭調）-寧波余姚,C,A504A508G508E58.G516D508E508G502A58.C616A508C608D62.E608G608C601D64.E608G502D602C68.D616C608G508A504A508G508A508G508E508D516E516G502A508C608A508E508G54.A508C64.E608D64.C608A508C608A508G508E54.G508A504C608A508G502G508C608A508E508D54.E508G504E508G508C64.A508G504E508G508E54.D508C504D508E508C502G508C608A508E508G54.A508C64.D608A508G508A504G508C608A508E508D54.E508G504E508G508C608C604D608G508C608A508E508G504E508D508C504D508E508C502G508C608G508A508C608C604A508C608E608D608E608C604D608E608C602
江南風格-民歌・浙江,b漂白紗（碼頭調）-舟山定海,C,A508A516G516E508D516E516G54.A508C68.A516E604C602C68.D616E608G616E616D608E616D616C604A58.C616A516G516E508G502G58.A516C608A508D608A508C608A508D608C608G516A516C616G516A508A504C616A516G508E54.C608C608A508C608G58.A516G508E508G508G516A516A516G516E516D516C502E68.D616C608D608C608A54.G508E54.C608C608A508C608G58.A516G508E508G508G516A516A516G516E516D516C502
江南風格-民歌・浙江,b采桑姐（碼頭調）-寧波慈禧,C,G504A508E508G54.A508C604E608D608C602E604E608G608D608E608D608C608A508C608A508E508G502D608G608C604D608E608C604C604D604C608A508C608G508G508A508C608D608A508G508G508D508E502G58.A516C608D608A508G508E504G58.A516C608D608D608C608A508G508E502
江南風格-民歌・浙江,b揚州五更（無錫景調）-寧波,C,G516C68.C616E616D616G516A508G54.E516C68.C616A516G516A516A508C64.C608C604D608E616G616E616D616E604C68.D616A516C616C616G516G508A516C616C608E508C608A516G516G508E508C608C604D608A508B516A516G504A508C608C608E508G508E516G516A58.C616A508G516E516D504D54.E508C608A516G516E508E508G58.A516A516G516E516D516C502
江南風格-民歌・浙江,b東海一艘船（無錫景調）-舟山岱山,C,A508A508A508A508D68.A516G504A508C616C616C616A516G516A516C602C608C604D616D616E608D608E68.D616C608E608D608C608C616D616C616A516G504A516C616A516G516E504C608C604C608A508C608E508G508A516C616A516G516E504G508G508A516C616A516G516G508E508D504G508G508G508D508E516G516E516D516C504
江南風格-民歌・浙江,b搖船五更（五更調）-舟山嵊泗,C,E616D68.C608A508E608D608C608A508C616C616A508G508G516E516A502G616E608D616C608C608D608G54.G516E508E516G508A508C602C616A508C616G508A508G516E58.E504C608A508G504C616A58.A508G508E508G508C504D508D54.C604E68.G616D608E616D616C616A58.G508C608A516C616A516G516E502G516E58.G508A508C604D604C608E608D608C608D604C608A516C616A502A502
江南風格-民歌・浙江,b黑漆衙門（煙花女子調）-舟山定海,C,D604D604G608E608D608C608C608D608E608D608C602C608D608E608G608D608C608A508G508E508G508C608A508G502E608E608E608C608D64.C608E608E616E616E608C608D602E608E616D616C608G616E616D68.C616C608A508G502G502
江南風格-民歌・浙江,b大四景（八段錦調）-舟山定海,C,D608E616D616C608A508D608E608A508C608D608E608C608A508G502G58.A516C608D608A508C608G504G508D508E508G508C502C608C608A508G508A58.C616A508G508E508G508C508E508D502G508E508G508C508D502E508G508D508E508G502C608E516D516G504C608E516D516G504C608C608A508G508A58.C616A508G508G508D508E508G508C54.D508G508D508E508G508C502
江南風格-民歌・浙江,b補燈籠（四方喂喂調）-寧波余姚,C,E608G608G608E608E608G608E604E608G608A508C608D602E608G604E608A608C708A608G608E608G608A508C608D602E608G608A508C608D602E608G608A508C608D602G608G604G608A608C708A608G608E608G608A508C608D608E616D616C608E608D608E608D608C608A502G604C704A604G604C608D608C608B508A502G604C704A604G604G608A508C608C608A504B508B508A501
江南風格-民歌・浙江,b十勸洋哥（虞美人調）-舟山定海,C,G508E516E516G508E516D516D502G508G508A508G516E516D502D508C516A416G404A48.C516D508D508D508C516A416C58.A416A408G44.A508G508A508G516E516D502G508A508G508E508D502D508D516C516G404A408C508D508E508D508A408C508A408G402
江南風格-民歌・江蘇,c臘月接妹過新年-金湖,C,E54.G508A508C608G504C604E504G58.A516C608A508A508G508G52.G58.E516C64.C608A508G508G58.A516E508D508C58.A416C508D508E58.G516C52.E54.G508A508C608G504C604E504G58.A516C608A508A508G508G502A508A508D64.E608D608E608D608C608C608A508C64.D616E616C608D608C608A508G504C64.C608A508G508E504G508E508D508C508D508E508G52.
江南風格-民歌・江蘇,c窗外送來稻花香（八段錦）-蘇北,C,D608E616D616C608A508D616G616E616D616C608D616B516A508G508A516G516A516C616G502G516E516G516A516C608D616B516A516C616A516G516E508D508G508D508E516G516E516D516C502G508C504D508E516G516A516C616G516A516G516E516D516E516D516C516A408C508D54.E508G58.A516C608D616B516A516C616A516G516E508D508G508D508E516G516E516D516C502
江南風格-民歌・江蘇,c小小紫竹直苗苗（八段錦）-蘇北,C,C604C604D68.E616C604A508G508A508C608G54.A508G58.A516C608D608A508G508E508D508G508D508E508G508C502E508E516G516A508C608G502E508E516G516A508C608G502G58.A516C608D608A508G508E504G508D508E508G508C502E508E516D516C508E508D502E508E516D516C508E508D502G58.A516C608D608A508G508E504G508D508E508G508C502
江南風格-民歌・江蘇,c張生跳粉牆（鮮花調）-徐州,C,E616G616E616G616A616G616A616C716G68.E616D616E616G608E608E616G616A616G616A616C716G68.E616D616E616G608G616E616G604E616G616C78.A616G608E608D608C616D616E616G616E616D616C68.D616C604E616D616C608D608D616E616G68.E616G604G616E616G616E616D616E616D616C616C608A504A516C616D604C616D616C616A516G516A516C608A516G516E516A516G502E616E616E616G616A616G616A616C716G68.E616D616E616G608E616E616E616G616A616G616A616C716G68.E616D616E616G608G616E616G604A616G616C78.A616G608E608D616D616C616D616E616G616E616D616C68.D616C604E616D616C608D608D616E616G68.E616G604G616E616G616E616D616E616D616C616C608A504A516C616D604C616D616C616A516G516A516C608A516G516E516A516G502E608E616G616A616G616A616C716G68.E616D616E616G608G608A616C716A616G616G616E616D68.C616A516C616D608G616E616G604E616G616C78.A616G608E608D608C616D616E616G616E616D616C68.D616C604E616D616C608D608D616E616G68.E616G604G616E616G616E616D616E616D616C616C608A504A516C616D604C616D616C616A516G516A516C608A516G516E516A516G5020002
江南風格-民歌・江蘇,c孟姜女（二）-淮安,C,C608C604D608E616G616E616D616E604G608A616C716G616E616E616C616D602D608G608A616G616E616D616C616A516C616D616E608G616E616D6S.E632D616C616A516G516C616A516G502A516C616G516A516C604D616E616C616D616E608G616E616D6S.E632D616C616A508G516C616A502A508D608C616D616C616A516G516E516G516A516C608G616E616D6S.E632D616C616A516G516C616A516G502
江南風格-民歌・江蘇,c孟姜女（三）-鹽城阜寧,C,C608A516G516C608D608E616G616E616D616E68.G616C708A616G616E616D616E616C616D616E616D64.G608G608A616G616E616D616C608C616A516G608A616G616G616E616D616C616A516G516A516C616G502C616A516G516A516C608C608D68.E616G608A616G616G608E608C608D616C616A502G608G616E616D608C616A516G508G516A516C608G608G616E616D616C616A516G516A516C616G502
江南風格-民歌・江蘇,c望妹（銀紐絲）-鹽城阜寧,C,E604A604G68.A616E608D608C608A516C616D616E616C616B516A502C608C608C68.A516G516A516G516A516C608D616C616A54.D616E616B516A516G516B516A504D68.E616C604D608C608D608E608G604A608G608E602A504C604D68.E616G68.A616E616G616E616D616C68.D616E616G616E616D616C604G608A608G608E608G608E616D616C608A516C616D616E616D616B516A58.D616B516A516G516B516A504C608D608C608A516C616G516A516G516A516C608D616C616A58.C616A508D616E616B516A516G516B516A504D68.E616G604G68.E616D616E616C608D616E616D616C616A504A508C608A508G508E54.G508D608C608D608E608G604A608G608E608G608E608D616E616C6020002
江南風格-民歌・江蘇,c荷花出水面對面（楊柳青）-東海,C,D58.E516G508G508A508C608A508G508C68.D616C608A508G508A508G508E508E508G508C508E508D502E508G504E508A508A504G508E508G504G508A508G508E508G508E508D508D508E508D508C508C504G408G408G408A408C502D508C508D508G508E508G508D504D508C508A408C508D508C508A408G408G402A404D504D508C508A408G408G402
江南風格-民歌・江蘇,c十杯酒-濱海,C,A516C616A516G516E58.G516A516C616A516G516E504G508A516C616A508G516A516C58.D516E504E516D516E516G516A508A516G516E508G516E516D508C508G516A516G516E516D516E516D516C516A48.G416A404C516D516E516G516D58.E516G516A516G516E516D516E516D516C516A48.G416A4040002
江南風格-民歌・江蘇,c手扶欄杆（一）-蘇北,C,E68.G616E616D616C608D608D604G608E68.D616C604A508G508A508C608D608E608D616C616A508G58.E516G504A508G508A508C608D608D604G608E68.D616C604A508G508A508C608D608E608D616C616A508G58.E516G504G608G616E616D604A508G508A508C608D608E608D616C616A508G58.E516G504
江南風格-民歌・江蘇,c手扶欄杆（二）-濱海,C,G508A408C508D508E516G516E516D516E504G508G516G516A408C508D502G508D508E504D516E516D516C516A408G408C508C516C516C516D516E508D504C516D516A408G402G508E516D516C504D516E516C516D516E504G508E516D516C508E508D516C516A44.D508D508E504D516E516D516C516A408G408C508C516C516C516D516E508D58.E516C516D516A408G402D516D516D508A408C508D504G58.E516D516D516D508A408C508D502G508D508E504D516E516D516C516A408G408C508C516C516C516D516E508D58.E516C516D516A408G402
江南風格-民歌・江蘇,c斜倚欄杆（五更調）-泗陽,C,C508C516D516C516A416G408G54.E508G508G516A516A516G516E508D502G508G508A58.G516F508F516A516G504G508D508D516C516A416C516G402G508G508C504G508G516A516G504G508G516A516G516E516D516C516A402G508G508A58.G516F508F516A516G504G508A508A516G516E508G508D508D516C516A408G402
江南風格-民歌・江蘇,c梳妝台-蘇北,C,C608C616A516C608D608E602G608E616D616C608A516C616D602D608D608E608G608D616E616D616C616A504C68.E616D616C616A508G502G608E616D616C604D608C616D616E604G608E616D616C608E608D616C616A54.D608D608E608G608A508C616A516G504C608C616A516C616D616E616G616D68.E616D616C616A508G501
江南風格-民歌・江蘇,c珠淚不斷線（梳妝台）-響水,C,A516C616G516A516C604D616G616E616C616D604G608C708A608G616E616D616E616D616C616D604E616G616D616E616G604A616G616E616G616D616C616A508C68.E616D616C616A516C616G508E508G504G508G516A516C604D68.E616G604C708E616G616D608C608A516C616G508A504E616G616D616E616G604G616F616E616G616D616C616A508C608A508C608E608D608E608D616C616A516C616G502G502
江南風格-民歌・江蘇,c送郎（二）-響水,C,G608A616G616E608D608D616E616C64.D608E616G616D616C616A508G502G508G516A516C608D608G608G616A616G608E608D616E616D616C616A508C608G502E608E616G616A608E608D608D616E616D608C608C608G508A516G516A516C616G508E54.E608E616D616D616E616C608D608A516G516E508D508E516C616A516G516E508D508C502G508G508A516G516A516C616G508E508G508E508E608E616D616D616E616C608D616E616A516G516E508D508E516C616A516G516E508D508C502
江南風格-民歌・江蘇,c鼓打一更月露頭-鹽城,C,G508G508A508A516G516E516G516A516C616G508G516E516G516G516G516G516C508G516E516D502G508G508A508A516G516E516G516A516C616G508E508G508E516G516C508D508E516G516D508C508G408A416C516D516C516A404A416C516A416C516D504G516E516G516E516D504G508E516G516C508D508E516G516D508C508G408A416C516D516C516A404
江南風格-民歌・江蘇,c四季游春（一）-蘇北,C,G504G504A504G508E508D508D508E508G508C504C508D508A408C508A408G408G502G508A508G508E508D502E508C508D504C508E508D504A408G416A416C516D516A408G402E508C508D504C508E508D504A408G416A416C516D516A408G402
江南風格-民歌・江蘇,c四季游春（二）-濱海,C,G508E508G504A508C616A516G516A516E508D508D508E516G516E516D516C508C504D508A408C508A408G408G502G508E508G504A508C616A516G516A516E508D508D508E516G516E516D516C508C504D508A408C508A408G408G502G508A508A516G516E508D502E516D516C508D508D508C516D516E516G516D516E516D516C516A408G408C516D516A408G402E516D516C508D508D508C516D516E516G516D516E516D516C516A408G408C516D516A408G402
江南風格-民歌・江蘇,c姐在房中繡麒麟（跳槽調）-鹽城阜寧,C,E58.G516A516C616E508G516E516G504A508C608D616E616D616C616A508C616A516G54.E516G516E516D516E508G508A5S.C632D616E616D616C616A508G516A516G516E516D516C516D516E516G502E504C608B508A508C608C616D616A516G516E516G516E516G516A516G516C616A516G502A516C616D616E616D616C616A516G516E516G516A516C616G516A516G516E516D508C508D516C516D516E516G516E516G508G516G516E516G516C58.D516E516G516E516D516C502
江南風格-民歌・江蘇,c五更相思（四）（南板梳妝台）-淮安,C,G508E508G508A508A508E508G508A508G502G508E508G508A508A508G508E508G508D502G508E508G504A502A508G508C604G502G504G508E508D508C508A408C508G402G508A508E508D508C502A508G508C604G5020008G508G508E508D508E508C508E508D504C508A408G508E508G504A502G508E508G508A508G502E58.G516A508C608A508G508E508G508D54.E508D508C508A408C508G4020002
江南風格-民歌・江蘇,c織綾羅-濱海,C,C608E608D608C616A516C608E608D604C604D608A508G508G516A516C604A508A516C616D608E616D616C616D616C616A516G508G508C608C608D608G508A508C616A516G504A58.C616D604C608C608D608G508A508C616A516G5040002
江南風格-民歌・江蘇,c打菜薹（一）-鹽城,C,C608C608D616E616C616A516G516E516G516A516C68.A516G516E516G516A516C68.A516G516E516G516A516C604G516G516G516G516E516G516E516D516C504G504G504E504E504G508C608E58.E516D516E516G516A516E516G516E516D516C504
江南風格-民歌・江蘇,c打菜薹（二）-鹽城,C,D608E616D616C608A508D608E616D616C608A508G508E508G508A508C64.A508G508E508G508A508C602G508E508G508A508C608D608A508G508E502G508E508C608A508G54.C608A508G508E508D508C5020002
江南風格-民歌・江蘇,c打石榴-鹽城,C,C58.D516G508E516G516A408A416C516D504C516C516D508G508E516G516A408A416C516D504C616C616A516G516E516G516A516C616G504G48.A416C508D516C516A404D58.D516E516E516G508A408A416C516D504C616C616A516G516E516G516A516C616G504G48.A416C508D516C516A404
江南風格-民歌・江蘇,c姐在房中繡荷花-濱海,C,E608E608D608C608E608E608D608C608E608E608D608C608A502A508A508A508C608D608D608G608E608D608C608C608E508G504A504D604C608D608G508G508A508A508D608B508A508G508G508E508D508E508G504A508G508E502E508G508A504E508G508A504D608C608E608D608C604G508A508D604C608D608G508G508A508A508D608B508A508G508G508E508D508E508G504A508G508E502
江南風格-民歌・江蘇,c千里送京娘（柳葉子調）-蘇北,C,G508E508G508A508C64.E608D608C608A508C608G54.E508A508C608G508E508E504E508G508C604D616C616A516G516G508E508D504G508A508G508E508D508E508G508A508E508D508C504E58.D516E508G508A508C608A508G508G508E508D504G508G516A516C608D608A508C608A508G508G508E508D516E516C5080008C608D616C616A516C616G5020002
江南風格-民歌・江蘇,c多謝哥哥情義好（拜年調）-蘇北,C,E504G504A58.C616A508G508E516G516E516D516G516C616A516G516E516G516E516D516C516D516A416C516D502E508E508G504A58.C616A508G508E516G516E516D516G516A516G516E516D502G504G516A516G516E516D516C516D516E516G504G516A516G516E516D516E516C516B416A48.C516G48.A416C504D516E516C516B416A402D508D508D516E516C516D516E508E508E516D516G516E516D516E516D516C516A416G416A416C516D58.E516D516C516D508G58.A516G508E508D516C516D516E516G504G516A516G516E516D516E516C516B416A48.C516G48.A416C508A416C516D516E516C516B416A4020002
江南風格-民歌・江蘇,c鮮花調（三）（文鮮花）-泗陽,C,E508E516G516A516G516A516C616G516A516G54.C608C616E616D616C616A516C616G516A516G54.G516E516G504G516A516C608D608C608A516G516E58.D516E508A508G58.A516G508E508E516D516C508D508D508G508G516A516G508G516E516D508C516D516E508D508C502E516D516C508D508D508G508G516A516G508E508D508C516D516E508D508C502
江南風格-民歌・江蘇,九里山前（一）（山門六喜）-江蘇,C,E508E504G508A508G508A504G508A516C616A508G508E502G508G504A508G508E516D516C504C508E508D508C508A404A408C508C508A408C504G508A504G516E516D508E508D508C508A404C504E54.G516A516G508E516D516C504C508D516E516D508C508A402
江南風格-民歌・江蘇,孟姜女（一）-江蘇,C,C608C604D608E608D608E604G608A608G608E608D602D608G608E608D608C608D608E604D608C608A508C608G502G508A508C604D604E604D608C608A508G508A502A508D608C608A508G508A508C604D608C608A508C608G502
江南風格-民歌・江蘇,道情調（一）（耍孩兒）-江蘇,C,A58.C616D616E616C616A516G54.A508C608C608A516C616A516G516E502A58.C616D616E616C616A516G54.A508C608C608A516C616A516G516E508G508E516D516C508G508G516E516D58.E516G508C608A508G508E508D508C508D508C516D516E516G516D508C508A402A504A504D68.E616C608A508C608C608A508G508E54.G508A502G58.A516C608D608A516C616A516G516E504C608C608A516C616A516G516E508G508E516D516C508G508G516E516D58.E516G508C608A508G508E508D508C508D508C516D516E516G516D508C508A402G508G508G508A508D508E508D508C508A402A508C608D608A508G54.A508C608C608A508G508E54.G508A502A502
江南風格-民歌・江蘇,紫竹調（一）-江蘇,C,G504C604A508G508E504E508G508E508D508C502A508C608E508G508A504E504G502C608A508E508A508G502A508G508E508A508G502G504C604A504E504G508D508E508D508C502C504C508E508D502A508C608A508C608D604A504G502C504C508E508D502A508C608A508C608D604A504G508A508D608A508G502
江南風格-民歌・江蘇,正月裡來正月正（四季游春）-江浦,C,C616A516C616A516G504C68.A516G508E508D508D508E508G508C504C508A408G508G516A516A408C508D508D504G516E516D502A508C608G504C608A508G508E508D508D508E508G508C508C504D508A408C508C508A408G504E508D508C508C516C516C516D516E516E516D502E508C508D508D516E516G508E508D508D516C516A416C516D516E516C516D516C516A416G402E508C508D508D516E516G508E508D508D516C516A416C516D516E516C516D516C516A416G4020002
江南風格-民歌・江蘇,送郎（一）（梳妝台）-江蘇,C,C608C604G516A516C602G608G608A616G616E616G616D602G608D616E616G68.E616D616E616G608E68.D616C608D616E616D616C616A516C616G502A516C616G516A516C604D616E616C616D616E68.D616D608E604G508A502A608A616G616E68.G616A616G616A616C716G604D616E616D616E616G608A616G616E68.D616C616A516C616D632E632G502
江南風格-民歌・浙江,c春調（一）-衢州開化,C,C616A516C604D608E616G616E616D616E604G608A616C716A616G616G616E616D602D616E616G616A616E608D608C616A516C616D616E608E608D616E616D616C616A516G516A516C616G502G516E516G516A516C604D616E616C616D616E604G608E608D616E616D616C616A502A516C616D616E616D608C616A516G58.A516C608E608D616E616D616C616A516G516A516C616G502
江南風格-民歌・浙江,c工農兵四季歌（春調）-溫州泰順,C,D508C508D504G504G504G508G508A508E508D502G508E508G504D508E508D508C508A404C508A408G402G408A408C504D504E504C504D504A402A408D508C504G408A408C504A408D508C508A408G402
江南風格-民歌・浙江,c哭七七（一）-衢州常山,C,E508D508E508G508C508A408G508E508D502C508C516A416C508D516E516D516C516A408G408E408G402A404C508G408A408C508D508E508D508C508A408G408A402A48.C516D508E508C508D508A408G408E408G416A416C508A408G402
江南風格-民歌・浙江,c哭七七（二）-金華,C,E516G58.E508E516D516C58.D516G508E508D502C508G408C508D516E516D516C516A416G416G408E408G402C508A408C508G408C508C508D508E508C508D516E516C516A416G408A402C504D508E508D508C508A408G408E408G408C508A408G402
江南風格-民歌・浙江,c手扶欄杆（二）-麗水慶元,C,C508C504D508E508D508E504G508A508E508G516A516D502D508D508E508E516G516D516E516D516C516G48.A416C58.E516D516E516C516A416G402C508G416A416C58.C516D516E516C516D516E508E516G516D508E508C508D516C516A402D508D508E508E516G516D516E516D516C516A408G416A416E508A408C508E508D508D516E516D516E516C516A416G402C58.A416C508D508E502E508E516D516C516D516E508D502D508D508E508E516G516D516E516D516C516A404G508A408C508E508D508D516E516D516E516C516A416G402
江南風格-民歌・浙江,c梳妝台（一）-金華,C,C508C516A416C508D508E502G508E516D516C508E508D502D508D508E516D516E516G516D516E516D516C516A404C508C516E516D508C516A416G402G508E516D516C504D516E516C516D516E504E508E516D516C508E508D502D508D508E516D516E516G516D516E516D516C516A404A408A416C516E508C508D58.E516D508C516A416G402G402
江南風格-民歌・浙江,c送情郎（梳妝台調）-臨海,C,E508E516G516A516G516C616A516G502C608A516C616A516G516G516E516D502G508G508A508G516E516G508E516D516C504C616C616C616E616D616C616A516C616G502G508G516A516C604D616E616C616D616E604D608D616E616C608D616C616A502G608A616G616E616D616C608C616C616C616A516C608G616E616D68.E616D616C616A508G502C608A516C616A516G516E508C608A516C616A516G516E508C608A516C616A516G516E508A516A508C616A516G516E508C608A516C616A516G516E508D502D508G508A58.G516E58.D516C504C608C616E616D616C616A516C616G502A516C616G516A516C604D604E604D68.E616C608D616C616A502G608G608A616G616E608G608E616D616C608A508C616C616C616A516C608G616E616D68.E616D616C616A508G502G502
江南風格-民歌・浙江,c五更鼓（梳妝台調）-金華永康,C,E508D508C508D508E502E58.D516C508E508D502D508C516D516E508G508D516E516D516C516A408G408A48.D516C516D516A408G402G408A408C508A408D508C516D516E508G508D58.E516C508D508C508A44.G58.E516G508E508D508D516C516A404C508C516A416C508E508D58.E516D516C516A408G402G402
江南風格-民歌・浙江,c新四軍五更（梳妝台調）-麗水,C,C58.A416C508D508E54.D508C58.A416C516D516E508D502D508D508E504D516E516D516C516A404C508D516E516D516C516A408G402E508E516D516C508C508E508E516D516C508C508E508E516D516C516D516E508D502D58.D516E508E508D516E516D516C516A408A408C508A408C516D516E508D508D516E516D516C516A408G402G402
江南風格-民歌・浙江,c下盤棋（一）（碼頭調）-台州三門,C,E504D58.E516G504G508A508C608A516C616D608A508C602G508A508C608C608D604G504A508C608A508E508G502G508A508C604D604A508G508E508G508A508C608G502E508G508G508C608G508A504E508E508G508E508D508C502A508E508G508C608A508A508G508E508E508G508G508C608G508A504E508E508G508E508D508C502
江南風格-民歌・浙江,c洗菜心（碼頭調）-金華永康,C,A508G508E516D516E508G54.A508C608A508D608E608C602C608C604E608D608E616D616C608G508A508A516C616A516G516E508G502G508A508C604D608E608C608A508E508G508A508C608G508A508G508E508D508E508G504G504D504E508G508E508D508C502
江南風格-民歌・浙江,c女相思（碼頭調）-麗水縉雲,C,A516G516E516D532E532G58.A516C616A532C632D616E632D632C604C68.D616C608G508A516C616A516E516G504G516A516C608D616E616C608E516G516A516C616G516E516G508G508G516G516G508D508E516G516E516D516C504E58.G516A516G516A516C616G504G508E508G508G516G516G508D508E5S.G532E516D516C504
江南風格-民歌・浙江,c鮮花調（一）-台州天台,C,E58.G516A508A508G502E58.G516A508A508G502G508G504E508A504G504D508D508E516G516E516D516C502E508C508D508E508G508A508G508E508D508G508E508D508C508G408A408C508D58.E516C508A408G402E508C508D508E508G508A508G508E508D508G508E508D508C508G408A408C508D58.E516C508A408G402
江南風格-民歌・浙江,c西湖景（無錫景調）-台州黃巖,C,A508G508A508D608C608A508G504A508C608C608G516A516C602C608C604D608E608D608E604C608E608D608C608A508C608G504A508G508E504C608C604D608A508C608G504A508G508E504E508G508A508C608G508E508D58.E516G508G508G508D508E516G516E516D516C504
江南風格-民歌・浙江,c等郎五更（無錫景調）-台州臨海,C,A508A516G516A508D616E616C616D616C616A516G508E508C608C616E516G508G516A516C602C608C604D608E608D608E68.D616C608E608D608C608A58.C616G504A516C616A516G516E504G508A508C68.C616A508A516C616G508E508A516C616A516G516E504G508E516G516A508C608G516A516G516E516D504C616C616C616C616C608C608A58.A516G508E516D516C502C502
江南風格-民歌・浙江,c十件大事（無錫景調）-金華東陽,C,E508G508E508C508D54.E508C508C508C508G416A416C54.A408C508C504D508E508D508E508D508C508E508D508C508A408C516A416G404E408G408A408G408C508A408G404E408G408A408G416A416C502
江南風格-民歌・浙江,c四季歌（無錫景調）-溫州文成,C,E508G508E508C508D54.E508C508C508C508G416A416C54.A408C508C504D508E508D508E508D508C508E508D508C508A408C516A416G404E408G408A408G408C508A408G404E408G408A408G416A416C502
江南風格-民歌・浙江,c抵制英日貨（五更調）-衢州開化,C,A504A508G508A504C604E508D508E508G508A502G508C608A508G508E502G508E508G508A508C602G508C608A508G508E502G508A508E504G508A508E508D508C508D508G508E508D502E508D508C508E508D502G508A508C608D608A508G508E504D58.E516D508C508A402D508C508D508E508G502D508E508D508C508A404G404A402A402
江南風格-民歌・浙江,c十二花名（六花六節調）-溫州文成,C,A508C608A508G508A508C608A508G508E508G508A508E508G504G504A508C608A508E508G502E508D508C504D502C54.E508D54.E508G504A508G508E502E508G508E508D508C504D504E508G508E508D508C504D504E508G508E508G508A508A508A508E508G502E508D508C504D502G508A508C604A504G504E508D508C504D54.E508G54.E508G508A508C604A504G504E508D508C504D502
江南風格-民歌・浙江,c五更傳（銀鈕絲調）-台州天台,C,E608E608E608D608C608D616E616C604A516C616A516G516E508G508A502C608C604D608E608G608E608D608C608A508E608D608C602A516C616A516G516E508G508A502A516C616C616A516G508B508A502G508E608E608D608C608D616E616C604A516C616A516G516E508G508A502G58.A516C604D68.E616C604G58.A516C608D608A508C608G508E508D508D508D508E508G508A508G508E508D502D502
江南風格-民歌・浙江,c姑嫂看燈（銀鈕絲調）-台州臨海,C,A408E508E508D508C508D516E516C504A416C516A416G416E408G408A402C508C504D508E508D508E504D508D508E516G516E516D516C502B408B416A416G416A416B408A402E408G408G416A416B408A402C508C504D508E58.D516E504D508D508E516G516E516D516C502A408E508E508D508C508D516E516C504A408G408E408G408A408C508G408A408C508A408E508D516E516C502G408A408C504A408C508G404E508G508D508E508G504E508D508C5020002
江南風格-民歌・浙江,c瞎子歌（八段錦調）-金華浦江,C,D608E608C604D608E616D616C604A508G508A516G516A516C616G502A508G516A516C608D608A508G508E508D516E516G58.E516E508G508C502E508E516G516A516G516A516C616G502E508E516G516A516G516A516C616G502A508G516A516C608D608A508G516G516E508D516D516G58.D516E508G508C502E508E516D516C516D516E516G516D502E508E516D516C516D516E516G516D502A508G516A516C608D608A508G516A516E508D516E516G508D508E508G508C502
江南風格-民歌・浙江,c望郎（八段錦調）-台州天台,C,G508G508G504G508A508C608D608A508G508A508C608G502G58.A508C608D608A508G508E504G508D508E508G508C502G508G508G504G508A508C608D608A508G508A508C608G502G58.A516C608D608A508G508E504G508D508E508G508C502E508G508D508E508G502C64.D616E616C64.A508A508A516C616A508C608A508G508E508D516E516G5020002
江南風格-民歌・浙江,c打白軍（麻城調）-衢州,C,G508E508G508A508G508G504A508C608D608D608C608A508A508G504A508A504G508C608D608D608C608A504C608A508G508A508G508A508G5020002
江南風格-民歌・浙江,c打開化（麻城調）-衢州開化,C,A508G508A508C608G508G504A508C608D616D616D608D608A508C64.A516C616G504A508D608D608C608A508G58.A516D608C608A504A508G508G508A508C608A508G508G54.
江南風格-民歌・浙江,c勸郎歌（麻城調）-麗水,C,G508G516G516A516G516G516E516G54.A508C608C608D616C616A508C602A508D608C608A508G508G516A516C604D608D616C616A516G516A516C616G502
江南風格-民歌・浙江,c長年歌（十月飄調）-溫州文成,C,C616D616E616G616D68.E616C616D616C616A516G58.A516C68.E616D608C608A516G516A516C616G504E608E608E608E616D616C616D616E616G616D604C616D616C616A516G58.A516C68.E616D608C608A516G516A516C616G504G502
江南風格-民歌・浙江,c泗州調-衢州,C,G508G508D508E508D516E516D516C516A404C58.D516E516D516E516G516D508D504E516D516C504A416C516D516E516C508C508A416C516G408G408C508A416G416E408A416G416A404C508G404A416C516D516E516C508C508A416C516G408G408E508E504E502
江南風格-民歌・浙江,c十調兵-台州臨海,C,A516C616A516G516E504A516C616A516G516E504E508A508A516G516E508G508G508G504E58.G516A508C608G516A516G516E516D504C508E508D516C516A408C502E508E516D516C508D516E516G508E516D516G504C508E508D516C516A408C502
江南風格-民歌・浙江,c送郎歌（十調兵調）-麗水遂昌,C,A516C616A516G516E508E508A516C616A516G516E504E508A508G516A516E508G54.G508E508E516G516A508C616A516G516A516G516E516D58.E516C508C516E516D516C516A408C54.C508E58.D516C508C516D516E508D508E58.D516C508C516E516D516C516A408C502
江南風格-二胡作品,朱昌耀《江南春色》【引子】mm.1-6,C,C602C604C604C64.D608C608D608C616D616C616D616C602D68.E616C608D608A516C616G516A516E516G516D516E516C516D516C516D516E516D516C516D516E516D516E516G516A516G516A516C616D602D602E608D64.G608D64.E608D608G608D608G508D608E608D608C616D616E616D616G616D616E616D616G504C608D608E602G508G608D608E608C616D616A516C616G516A516E516G516D516E516C516D516E504E54.D516E516G5S.B532A516C616A516G516E616D616C602C6020002
江南風格-二胡作品,朱昌耀《江南春色》【a】mm.9-mm.24,C,A58.C616E508D516E516G516E516G504A508C68.D616E616G616E616D616E616D616C64.C68.D616E608G616E616D608E616D616C616A516A516G516C6S.B532A516C616A516G516E516D516G502G516E516G516A516C68.D616G616E616E616D616C604C616D616D616B516A516G516A516C616G508E504D516E516E608E616D616C608D616C616A508A516C616E508D516E516G5S.B532A516C616E516G516D516E516C502
江南風格-二胡作品,朱昌耀《江南春色》【a1】mm.25-mm.40,C,A5S.C632A516G516G516E532G532D516E516G516E516G504A508C616A516C616D616E616G616E616D616E616D616C64.E616A516C616D616E616D616G616E616D608E616D616C616A516A516G516C6S.B532A516C616A516G516E516D516G502E616E516E616D616C68.D616G616E616E616D616C604C616D616D616B516A516G516A516C616G502E616G616E616D616C616D616G616E616D616E616D616B516A516G516A516C616G5S.B532A516C616E516G516D516E516C502
江南風格-二胡作品,朱昌耀《江南春色》【b】 mm.41-56,C,C608A54.A54.D616B516A5S.B532A516G516E516D516E516G516A54.G516A516C6S.B532A516C616D616G616E616D616E64.D616E616G608G508G616E616A616G616E6S.D632E616G616D68.E616C6S.D632E616G616D616B516A516C616G508G508G508A516C616G616E616E616D616C616D616E616G616A608G616E616D6S.E632D616B516A5S.B532A516G516E516E516G516A516C608C604A508G5S.B532A516C616E516G516D516E516G502
江南風格-二胡作品,朱昌耀《江南春色》【a2】 mm.57-72,C,A5S.C632A516G516E516G516D516E516G5S.A532E516A516G516C516G516A516C6S.B532A516C616D616G616E616D616C6S.D632E616D616C616C516C616D616C616D616C616D616E616D616G616E616D616G616E616G616D616E616D616C616A516C616A516G516E516G516D516E516G5S.A532E516A516G516C516G516A516G516E516G516A516C616A516C616E616D616G616E616D616C616C516C616E616D616E616D616B516A516G516A516C616G5S.A532E516A516G516E516A516C616E616G616E616D616C616D616G616E616D616E616D616B516A516G516A516C616G516B516A516C616E516G516D516E516C516E516D516E516C508C508
江南風格-二胡作品,朱昌耀《江南春色》【a3】mm.73-88,C,A516C616A516G516E516G516D516E516G508G504A508C608C616D616E616G616E616D616C608C604D608C616D616C616D616E616D616G616E616D616G616E616G616D616E616D616C616A516C616A516G516E516G516D516E516G508G504A508G516E516G516A516C616A516C616D616G616E616E616D616C616G516A516C616A516G516A516C616D616C616D616E616G616A616G616E616D616C616D616E616G616A616G616E616D616C616D616E616A516C616A516G516E516G516E516D516E616G616E616D616C616D616C616A516G516A516G516E516D516E516D516C516
江南風格-二胡作品,朱昌耀《江南春色》【c】mm.89-102,C,E516D516C516D516E516D516E516G516A516G516E516G516A516G516A516C616D616E616G616E616D616E616D616C616A516C616A516G516E516G516E516G516C516D516C516D516E516G516E516G516D516E516D516E516G516A516G516A516C616A516G516A516C616A516G516A516C616A516G516A516C616A516G516A516D616C616A516C616D616C616A516C616D616C616A516C616D616C616A516C616E616D616C616D616E616D616C616D616E616D616C616D616E616D616C616D616E604D604E604G604
江南風格-二胡作品,朱昌耀《江南春色》【a4】mm.103-117,C,A64.G608E608G608D608E608G504G602E604D608E608A608G608E608G608E608D608E608D608C62.E608A508C608D608E608D608G608E608A604G608C708A608G608E604D608E608D608B508A508G508A508C608D62.C608D608E604D608E608G604A608C708A608G608G608E608D68.E616D608B508A58.B516A508G508E508E508G508A508C604C602A504G58.B516A508C608E508G508D508E508C52.D504C581
江南風格-二胡作品,朱昌耀《江南春色》【尾聲】 mm.118-126,C,A58.C616E508D516E516G516E516G516A516C68.D616E608G608G616E616E616D616C64.D608C64.D608C602D604C608D608E602E6020002
江南風格-二胡作品,朱昌耀《歡慶鑼鼓》【一】流暢、輕快地mm.74-105,C,D64.G608G608E616G616E608D608C68.D616B508A508G508E508G504G608E604G608A608G608G608E608G602G602G608E608G608A608C704A608C708A604G608A608G608E608E608D608C608A508G508A508G608E608E608C608D602D602G604G508A508C608A508C604D68.E616D608B508A508G508A504G608A508C608D608E608D608E608G608A602A602C704A608C708A604G608A608G608E608E608C608D602C608A508G508A508G608E608E608D608C602C602
江南風格-二胡作品,朱昌耀《歡慶鑼鼓》【二】中快、如歌地mm.135-158,C,C64.E608D608D608B508A508G508E508G52.E58.G516A508C608A508G508G508E508D501G508E508G508A508C64.E608D68.E616D608B508A504G504G58.C616A508G508E508G508D504C508A408C52.E54.C508D508C508D508E508G508E508G508A508C602D68.E616D608B508A508B508A508G508A501C64.E608D608D608B508A508G58.C616A508G508E502G504A408C508E508G508D504C501C608A508C608D608E604G608E608D601B508A508D608B508A508G508A508C608G501G508E508G508A508C64.E608D68.E616D608B508A502G58.G516A508C608E608G608D604C601
江南風格-二胡作品,朱昌耀《蘇南小曲》【一】小快板、歡快地mm.9-56,C,D608G608E608E616D616C604D604E508E516D516C508C608G508G54.C608C616A516G516A516C616D616A516C616A516G516E508D516E516G508A516C616A516G516E516D516C502E508E516D516C508C516D516E508E516D516E516D516E516G516A508E608D616E616D616C616A508C608A504D608D608E616G616E616D616C616D616E616G616D604A508A516C616G58.C616A516G516E516D516C504D604C68.A516G58.A516D608B508B516D616A504C608E516G516A516C616A516G516E516D516C508G508C604G608G608E608E616D616C604D604E508E516D516C508C608C608A508G508G508D608D608E608D616E616D608A508C608C616A516G516A516C616D616A516G516E516D516C502E508E516D516C508C516D516E508E516D516E516D516E516G516A508E608D616E616D616C616A508C608A516C616A516G516E508C608A516C616A516G516E508G508E504D608D608E616G616E616D616C616D616E616G616D604E616G616E616D616E616G616E616D616C616D616E616G616D616C616E616D616C616D616A516C616G516A516C616D616A516G516E516D516C504D604C68.A516G58.A516D608B508B516D616A504C608E516G516A516C616A516G516E516D516C516D516E516G516A516C616D616E616C616D616E616G616D616C616E616D616C608G508C604
江南風格-二胡作品,朱昌耀《蘇南小曲》【二】如歌地mm.57-87,C,G64.E608D608E608E608D608C64.A508D602E58.G516E508D508C508B508A508C608G508E508G504G502D604D604E68.G616D608E608D604B504A504G508A508E58.G516A508C608A508G508E508D508C502C508C508D508E508G508A508E504E508E508D508E508G508E508G508C608A504G508A508C608A508C608E608D608E608D608B508B508A54.A502G508E508G508A508C608A508C608D608E604G608E608D608E608D608C608A58.G516A508C608E608G608D604C6020002
江南風格-二胡作品,朱昌耀《水鄉素描》【一】稍快mm.7-29,C,D608D616E616E616D616C616A516D608D604c608D608D616E616E616D616C616D616C608A54.D608D608G608G616E616D608D608C608A508C608A516C616D608G616E616D602G508G516A516A516G516D508G508G54.G508G516A516A516G516E516G516D502A58.G516A508C608D604G608E608D608D608C608A508G508G54.D608D616E616C608A508D608D616E616C608A508D616E616G616E616D616E616C616A516G516A516C616D616A516G516E516G516D508D604c608D602D6020002
江南風格-二胡作品,朱昌耀《水鄉素描》【二】抒情地mm.155-174,C,G504A508C608D608D604A508G508A516C616D616C616C616A516C602G502G504A508C608A508G504E508G508C616A516A516G516E516C516D502D502G508C616A516A508G508G508C616A516A508G508E5S.G532A516C616A516G516G516E516D5S.E532D516C516A404A44.A508G502A516G516G516E516G504G508D516E516D516C516C516A416C54.D508C502
江南風格-二胡作品,朱昌耀《揚州小調》【一】歡快、熱烈地（一）mm10-33,C,C604E604D604C608A508C68.D616E608E608D608E616D616C608A508G504G508E508G502C608C608D608E608D608C608A508G508C608C608C608D608C608C608A508C608G508C608E508D508C502G504G508E508G54.A508C604E604D604C604A508C608E508G508A508G516A516C608A508G508E508G52.E58.G516E508G504G508A508C608G508E508E508G504B508A508G508E58.G516E508G504G508A508C608G508E508E508G504B508A508G508E58.G516E508G508A508G508A508C608C604E504D502C68.G516A508C608G508C608E508D508C501E604E608D608C68.D616E608E608D604E608D608C604C608A508C608C604A508G58.A516C608D608A504C604E504D508E508G58.A516C608D608A508G508E508D508C501
江南風格-二胡作品,朱昌耀《揚州小調》【一】歡快、熱烈地（二）mm.39-65,C,C62.G608E608D608C608C608A508C602C608C608G508C608A508G508E508D508G501C608A508C602G608E608D608C608C608A508C602C608C608G508C608A508G508E508D508C501G504E508G508C54.D508E504D508E508G502A54.C608G58.A516C608B508A508G508A52.C604G608E608D604C604C604G608E608D604C604C608G504C608A508G508E508D508G501C604G608E608D604C604C604G608E608D604C604C68.G516A508C608G508C608E508D508C501E604E608D608C68.D616E608E608D604E608D608C604C608A508C608C604A508G508A508C604A504C604G64.E608D602A502C601
江南風格-二胡作品,朱昌耀《鄉思情韻》【一】mm.5-20,C,D64.G508A502D68.E616D608G516B516A502A508D608D608E608D608B516A516G504A508D504G516B516A502D64.G508A502D68.E616D608G516B516A502A508D608D608E608D608A516G516G504A508E504E516D516D502A508G508G508F516D516F54.G508A508E508E508G516B516A502F508D508D508F508G508D608C608B516A516G54.A508G502A508D608D608E608D608B516G516A504A508D608D608E608D608B516A516G504F58.G516A508C608A508G508G508F516E516D504C516D516E508D502
江南風格-二胡作品,鄧建棟《姑蘇春曉》【一】優美如歌地 mm.6-23,C,G58.C616E516G516D516E516C54.G516A516C68.E616D616C616A508G516E516G54.C608A504D608C6S.D632A516G516E504G516E508A516G516A516E516C516D504D516E532D532C516D516E508D504E508G516E516G504A508G616E616E616D616C616E616D616B516A504A516G516A516C616D608D6080016E616B516A516G5S.B532A516G516G508E508D58.G516G516E516E516D516C502C608C604A516C616D608D604C616D616G508G608G616E616D616B516A516G516A504G516A516C608C616B516A508C608D608E616G616C616B516A516C616D68.F616E616D616E616C616D604D616B516A516G516E508G504A508C68.E616D608D616B516A58.C616G516A516F516E516D54.E532G532A532C632D68.E616G608F608E608G608G616E616D608C64.A508C602
江南風格-二胡作品,鄧建棟《姑蘇春曉》【四】舒展，豪放地 mm.127-158,C,G64.C708E608G608D608E608C608A508C604C602E68.G616D608E608D608D608B508A508G508E508G504G502C68.B516A508G508C608A508C608D608E604A604A608G608E604D68.E616G608B508A508G508A508C608D602D602G608G6080008A608G608A608G608E608D6080008D608G608D608G608D608B508A508A516C616A508G508E508G508A508C608C608A54.A502C68.A516C608D608E604A604A68.G616E608G608D602A58.C616G508G608G608E608D604C602C602
江南風格-二胡作品,鄧建棟《吳歌》【一】慢板 悠揚地mm2-27,C,E58.G516C508E508G516E516E516G516C504G516E516E516G516C608E508G502G516E516E516G516C608E508G5S.B532A516C616G508E508C58.B516A516G532A532F516E516D502E58.G516C508E508G516E516E516G516C504E5S.D532E516G516C608E516G516A508A54.D608E516G516D608D608B516A516D616B516A508A508D508D608D616B516A516C616G516E516G54.D58.G516G516F532G532F516E516D508D508D516F516E516D516C508G508F5S.E532D516E516C502E58.G516C508E508G516E516E516G516C504G516E516E516G516G616E616E616D616C602C616A516C616E616D616E632D632C608E5S.G532A516C616G508G508E508C5S.B532A516D616F516E516D516C516D54.G516E516E516G516D516C516D516E516G516E516G516A516C608C508A5S.D632G516E516G516E532G532A516C616D608D64.G64.A616G616E64.G608A508F608E616D616E616G616D602E64.D616E616G64.E608D608E508B508D616B516A502B516A516D616B516A58.B516A516B532A532G516F516E5040008D508C508D508E58.G516A508C616E616D608D604C616D616E608E604D616E616G68.E616D608C6080008G516E516G508A508E604D608E616D616C602
江南風格-二胡作品,閔惠芬《憶江南》【一】慢速、恬靜地mm.3-14,C,C64.D608E608G608D608E608C62.A504D64.G608C68.D616B508A508G501G508E508G508A508C68.E616D608B508A52.G504A58.C616D608E608C608D608A508G508E501E58.G516A508C608G508A508E508G508D52.C504D58.E516G508C608A508G508E508D508C501
江南風格-二胡作品,閔惠芬《憶江南》【三】激情、寬廣地mm.70-85,C,E604A604G68.A616E608D608C62.A504D604E608G608E608D608B508A508G501A504A604G604E608G608A608G608A602C704G604A608C708A608G608E604D601G504G604A608G608E608D608C62.A504D604E608G608E608D608B508D608A58.B516A508G508A504C608D608E604D608E608G608G604E608D68.D616E608G608E608D608B508A508G501
江南風格-二胡作品,陳耀星《春綠江南》【一】mm.15-30,C,C64.E608D604B504A58.B516A508G508E502G508A516G516E508G508G608E608E608D608C601C64.A508E68.G616E608D608C64.E608D604B504A508B508A508G508E508E508D508E508G501D604E608D608C608A508A508C608D68.G616E68.D616C64.E608D68.E616D608B508A58.B516A508G508E502E508E508D508E508G508C508G508C608C608A508G508A508G508E508A508C608A508G508G508E508D508E516D516C508D508G508E508E508D508C504
